Time,SessionTime,Distance,Speed,RPM,nGear,Throttle,Brake,DRS,X,Y,Z
0 days 00:00:00,0 days 01:56:26.092000,0.21361525785818158,311.94499968,11130.02998272,8,100.0,False,0,-1384.6862247576191,-802.9878455626158,1871.0218290083697
0 days 00:00:00.011000,0 days 01:56:26.103000,1.1694444444444443,312.0,11133.0,8,100.0,False,0,-1383.8945948138035,-793.6168072201995,1871.019538374632
0 days 00:00:00.064000,0 days 01:56:26.156000,5.776615291777465,312.3312496,11152.5437264,8,100.0,False,0,-1380.0,-749.0,1871.0
0 days 00:00:00.164000,0 days 01:56:26.256000,14.47221334399714,312.9562496,11189.4187264,8,100.0,False,0,-1372.0,-662.0,1871.0
0 days 00:00:00.171000,0 days 01:56:26.263000,15.080555555555556,313.0,11192.0,8,100.0,False,0,-1371.355850870057,-654.8274048008503,1871.015395693288
0 days 00:00:00.411000,0 days 01:56:26.503000,35.94722222222222,313.0,11245.0,8,100.0,False,0,-1344.174641075827,-335.58385336782726,1872.7553415636426
0 days 00:00:00.444000,0 days 01:56:26.536000,38.83195798867837,313.4124992,11247.199995733334,8,99.86250026666667,False,0,-1341.0,-298.0,1873.0
0 days 00:00:00.651000,0 days 01:56:26.743000,57.01388888888889,316.0,11261.0,8,99.0,False,0,-1327.8979492445733,-145.4597114353018,1874.0687594822473
0 days 00:00:00.904000,0 days 01:56:26.996000,79.28785733966464,316.9035712,11269.1321408,8,99.9035712,False,0,-1316.0,-18.0,1875.0
0 days 00:00:00.931000,0 days 01:56:27.023000,81.66944444444445,317.0,11270.0,8,100.0,False,0,-1314.0871963994605,2.224238148284975,1875.1301035807985
0 days 00:00:01.091000,0 days 01:56:27.183000,95.80277777777778,318.0,11325.0,8,100.0,False,0,-1300.9165824459797,144.01184358889964,1875.9105491064886
0 days 00:00:01.144000,0 days 01:56:27.236000,100.4899620327993,318.1656248,11336.2624864,8,100.0,False,0,-1297.0,192.0,1876.0
0 days 00:00:01.204000,0 days 01:56:27.296000,105.79913226188636,318.3531248,11349.0124864,8,100.0,False,0,-1293.0,245.0,1876.0
0 days 00:00:01.404000,0 days 01:56:27.496000,123.53591086314546,318.9781248,11391.5124864,8,100.0,False,0,-1277.0,421.0,1877.0
0 days 00:00:01.411000,0 days 01:56:27.503000,124.15833333333333,319.0,11393.0,8,100.0,False,0,-1276.3428058727548,428.23630619573373,1877.042317307323
0 days 00:00:01.731000,0 days 01:56:27.823000,152.69166666666666,321.0,11450.0,8,100.0,False,0,-1242.0980027256564,827.5143262423783,1878.8151709167325
0 days 00:00:01.764000,0 days 01:56:27.856000,155.63301525154318,321.0,11454.28999168,8,100.0,False,0,-1239.0,864.0,1879.0
0 days 00:00:01.931000,0 days 01:56:28.023000,170.52499999999998,321.0,11476.0,8,100.0,False,0,-1225.8604711788146,1017.4957737178502,1879.9698377651914
0 days 00:00:02.143000,0 days 01:56:28.235000,189.56073753230885,322.325,11496.758333333333,8,100.0,False,0,-1213.0,1167.0,1881.0
0 days 00:00:02.411000,0 days 01:56:28.503000,213.72499999999997,324.0,11523.0,8,100.0,False,0,-1198.229903760515,1342.6714281305754,1881.4622226240663
0 days 00:00:02.571000,0 days 01:56:28.663000,228.12499999999997,324.0,11546.0,8,100.0,False,0,-1187.8752869574662,1461.2304429603441,1881.9429140370485
0 days 00:00:02.583000,0 days 01:56:28.675000,229.20516001295567,324.0,11545.164345552874,8,100.0,False,0,-1187.0,1471.0,1882.0
0 days 00:00:02.743000,0 days 01:56:28.835000,243.6139739910904,324.0,11534.022286257865,8,100.0,False,0,-1174.0,1615.0,1883.0
0 days 00:00:02.930000,0 days 01:56:29.022000,260.43499999999995,324.0,11521.0,8,100.0,False,0,-1155.9058036318042,1825.106016254543,1884.425587441106
0 days 00:00:03.023000,0 days 01:56:29.115000,268.77856688675894,323.53500032,11526.11499648,8,100.0,False,0,-1148.0,1919.0,1885.0
0 days 00:00:03.130000,0 days 01:56:29.222000,278.37944444444435,323.0,11532.0,8,100.0,False,0,-1140.9790596323164,2003.5891945781914,1885.4368737344703
0 days 00:00:03.323000,0 days 01:56:29.415000,295.7491863510532,323.96019899230214,11508.955224184749,8,100.0,False,0,-1130.0,2134.0,1886.0
0 days 00:00:03.331000,0 days 01:56:29.423000,296.4694444444444,324.0,11508.0,8,100.0,False,0,-1129.4333989924955,2140.4520191296474,1886.032454740261
0 days 00:00:03.523000,0 days 01:56:29.615000,313.75008078801716,324.0,11524.457142857143,8,100.0,False,0,-1114.0,2313.0,1887.0
0 days 00:00:03.611000,0 days 01:56:29.703000,321.6694444444444,324.0,11532.0,8,100.0,False,0,-1107.3950074046206,2388.173216815271,1887.4784407542952
0 days 00:00:03.703000,0 days 01:56:29.795000,329.949299668654,324.0,11527.4,8,100.0,False,0,-1100.0,2474.0,1888.0
0 days 00:00:03.811000,0 days 01:56:29.903000,339.6694444444444,324.0,11522.0,8,100.0,False,0,-1089.1767597326248,2601.4052381751517,1888.6585268263411
0 days 00:00:03.971000,0 days 01:56:30.063000,354.06944444444446,324.0,11545.0,8,100.0,False,0,-1071.1809331724098,2814.6820847797267,1889.645518318751
0 days 00:00:04.043000,0 days 01:56:30.135000,360.54935227195426,324.0,11540.5,8,100.0,False,0,-1065.0,2887.0,1890.0
0 days 00:00:04.131000,0 days 01:56:30.223000,368.4694444444445,324.0,11535.0,8,100.0,False,0,-1059.4095835476273,2951.1370796619904,1890.3454611109937
0 days 00:00:04.363000,0 days 01:56:30.455000,389.3496873371603,324.0,11581.4,8,100.0,False,0,-1049.0,3067.0,1891.0
0 days 00:00:04.371000,0 days 01:56:30.463000,390.0694444444445,324.0,11583.0,8,100.0,False,0,-1048.4989245998354,3072.765448174926,1891.024657051243
0 days 00:00:04.571000,0 days 01:56:30.663000,408.06944444444446,324.0,11534.0,8,100.0,False,0,-1032.4332802119186,3260.7638462427676,1891.7159239969274
0 days 00:00:04.644000,0 days 01:56:30.736000,414.6584061771428,324.4562496,11550.8812352,8,100.0,False,0,-1026.0,3336.0,1892.0
0 days 00:00:04.731000,0 days 01:56:30.823000,422.5138888888889,325.0,11571.0,8,100.0,False,0,-1018.379749115574,3424.60392414328,1892.3591288954133
0 days 00:00:04.884000,0 days 01:56:30.976000,436.2936640644799,324.36250026666664,11563.3500032,8,100.0,False,0,-1006.0,3569.0,1893.0
0 days 00:00:04.971000,0 days 01:56:31.063000,444.11388888888894,324.0,11559.0,8,100.0,False,0,-1000.294039241733,3637.380462260488,1893.3320065946036
0 days 00:00:05.124000,0 days 01:56:31.216000,457.8453989402378,323.45357165714285,11538.235722971429,8,100.0,False,0,-991.0,3749.0,1894.0
0 days 00:00:05.251000,0 days 01:56:31.343000,469.2361111111112,323.0,11521.0,8,100.0,False,0,-981.5970585674729,3856.5275770605285,1894.8437981511725
0 days 00:00:05.411000,0 days 01:56:31.503000,483.5916666666667,323.0,11521.0,8,100.0,False,0,-968.299716848315,4004.8272015420703,1895.8816569356345
0 days 00:00:05.464000,0 days 01:56:31.556000,488.3481620748035,323.0,11513.18250944,8,100.0,False,0,-964.0,4053.0,1896.0
0 days 00:00:05.604000,0 days 01:56:31.696000,500.9154192350742,323.0,11492.53250944,8,100.0,False,0,-953.0,4178.0,1896.0
0 days 00:00:05.764000,0 days 01:56:31.856000,515.2690112168785,323.0,11468.93250944,8,100.0,False,0,-941.0,4322.0,1897.0
0 days 00:00:05.811000,0 days 01:56:31.903000,519.4805555555556,323.0,11462.0,8,100.0,False,0,-937.4312353354012,4363.995647993012,1897.24394375689
0 days 00:00:06.024000,0 days 01:56:32.116000,538.5393345219084,322.2392859428571,11414.835728457143,8,100.0,False,0,-921.0,4553.0,1898.0
0 days 00:00:06.091000,0 days 01:56:32.183000,544.5250000000001,322.0,11400.0,8,100.0,False,0,-915.9094107164831,4613.04455242181,1898.4081621668024
0 days 00:00:06.184000,0 days 01:56:32.276000,552.8260145086577,321.53500032,11393.95500416,8,100.0,False,0,-909.0,4695.0,1899.0
0 days 00:00:06.291000,0 days 01:56:32.383000,562.3583333333335,321.0,11387.0,8,100.0,False,0,-901.404463337881,4783.498886344041,1899.4257290334624
0 days 00:00:06.524000,0 days 01:56:32.616000,583.0198400007072,319.5437504,11386.2718752,8,100.0,False,0,-883.0,4996.0,1900.0
0 days 00:00:06.611000,0 days 01:56:32.703000,590.713888888889,319.0,11386.0,8,100.0,False,0,-873.6882663362153,5105.546397766922,1900.4321089584828
0 days 00:00:06.724000,0 days 01:56:32.816000,600.6965415583288,318.5964288,11356.5393024,8,100.0,False,0,-862.0,5244.0,1901.0
0 days 00:00:06.891000,0 days 01:56:32.983000,615.4472222222223,318.0,11313.0,8,100.0,False,0,-852.0585564335611,5363.1840850029685,1901.3500498447593
0 days 00:00:07.044000,0 days 01:56:33.136000,628.9867792313266,318.0,11288.1375104,8,100.0,False,0,-844.0,5455.0,1902.0
0 days 00:00:07.244000,0 days 01:56:33.336000,646.6547977876056,318.0,11255.6375104,8,100.0,False,0,-828.0,5630.0,1904.0
0 days 00:00:07.291000,0 days 01:56:33.383000,650.7805555555557,318.0,11248.0,8,100.0,False,0,-824.7989451519659,5667.393854917782,1904.3171088639087
0 days 00:00:07.464000,0 days 01:56:33.556000,665.8758499707899,316.03409163636366,11217.7250112,8,100.0,False,0,-812.0,5823.0,1905.0
0 days 00:00:07.644000,0 days 01:56:33.736000,681.4825782947847,313.9886370909091,11186.2250112,8,100.0,False,0,-787.0,6112.0,1906.0
0 days 00:00:07.731000,0 days 01:56:33.823000,689.0361111111112,313.0,11171.0,8,100.0,False,0,-778.2315972777782,6217.473914785183,1906.4764849359572
0 days 00:00:07.891000,0 days 01:56:33.983000,702.9472222222223,313.0,11127.0,8,100.0,False,0,-771.0552238001321,6318.196589076482,1907.2767843212919
0 days 00:00:08.091000,0 days 01:56:34.183000,720.3361111111111,313.0,11126.0,8,100.0,False,0,-765.5095098301067,6390.904599055878,1907.9293732397864
0 days 00:00:08.184000,0 days 01:56:34.276000,728.4040659444327,312.4187504,11105.656264,8,100.0,False,0,-758.0,6461.0,1908.0
0 days 00:00:08.204000,0 days 01:56:34.296000,730.1365646369642,312.2937504,11101.281264,8,100.0,False,0,-756.0,6479.0,1908.0
0 days 00:00:08.251000,0 days 01:56:34.343000,734.2027777777778,312.0,11091.0,8,100.0,False,0,-751.6593873215161,6520.9420411398205,1908.096989419266
0 days 00:00:08.451000,0 days 01:56:34.543000,751.4250000000001,310.0,11038.0,8,100.0,False,0,-738.1718514912673,6691.608509731636,1909.7241091165795
0 days 00:00:08.484000,0 days 01:56:34.576000,754.2541881162372,309.8821430857143,11031.989297371429,8,100.0,False,0,-736.0,6720.0,1910.0
0 days 00:00:08.643000,0 days 01:56:34.735000,767.8556905086739,309.3142857142857,11003.028571428571,8,100.0,False,0,-725.0,6857.0,1911.0
0 days 00:00:08.731000,0 days 01:56:34.823000,775.4583333333334,309.0,10987.0,8,100.0,False,0,-718.888883683656,6927.4363616388755,1911.038471936111
0 days 00:00:08.883000,0 days 01:56:34.975000,788.7511047548588,309.0,10708.966666666667,8,96.83333333333333,False,0,-707.0,7062.0,1911.0
0 days 00:00:08.971000,0 days 01:56:35.063000,796.0583333333334,309.0,10548.0,8,95.0,True,0,-698.1194821366162,7167.951469497128,1911.6613278707994
0 days 00:00:09.103000,0 days 01:56:35.195000,806.0773306055954,277.65,10289.775,8,16.625,True,0,-685.0,7328.0,1913.0
0 days 00:00:09.131000,0 days 01:56:35.223000,808.1027777777779,271.0,10235.0,8,0.0,True,0,-682.876794378546,7354.0681381447,1913.2040152112293
0 days 00:00:09.411000,0 days 01:56:35.503000,826.6916666666667,239.0,9055.0,8,0.0,True,0,-673.0198448611618,7477.746388318971,1913.8001463087767
0 days 00:00:09.543000,0 days 01:56:35.635000,834.0967141124761,218.375,8967.55,8,0.0,True,0,-668.0,7537.0,1914.0
0 days 00:00:09.731000,0 days 01:56:35.823000,843.4916666666668,189.0,8843.0,8,0.0,True,0,-656.2859310428174,7670.725049245629,1914.6673109595256
0 days 00:00:09.823000,0 days 01:56:35.915000,847.8477310332851,179.34,8920.28,8,0.0,True,0,-651.0,7731.0,1915.0
0 days 00:00:09.931000,0 days 01:56:36.023000,852.825,168.0,9011.0,7,0.0,True,0,-646.4410776472131,7783.500144049058,1915.31213700233
0 days 00:00:10.171000,0 days 01:56:36.263000,863.3583333333333,158.0,9546.0,5,0.0,True,0,-639.3307960202953,7856.293922179238,1915.8941040040643
0 days 00:00:10.203000,0 days 01:56:36.295000,864.608714965947,154.34285714285716,9550.457142857143,5,0.0,True,0,-638.0,7867.0,1916.0
0 days 00:00:10.451000,0 days 01:56:36.543000,873.1583333333334,126.0,9585.0,5,0.0,True,0,-624.6265082567115,7960.572767862114,1916.9326042840235
0 days 00:00:10.503000,0 days 01:56:36.595000,874.8625260544133,123.4,9749.32,5,0.0,True,0,-622.0,7978.0,1917.0
0 days 00:00:10.651000,0 days 01:56:36.743000,879.6027777777779,116.0,10217.0,4,0.0,True,0,-614.6009815464428,8021.52232512446,1916.888751674918
0 days 00:00:10.703000,0 days 01:56:36.795000,881.210568573291,113.725,10035.0,4,0.0,True,0,-609.0,8042.0,1917.0
0 days 00:00:10.811000,0 days 01:56:36.903000,884.4472222222223,109.0,9657.0,2,0.0,True,0,-590.0511508582828,8098.744070621819,1917.6887329031156
0 days 00:00:10.863000,0 days 01:56:36.955000,885.9542934222711,106.725,9299.825,2,0.0,True,0,-581.0,8124.0,1918.0
0 days 00:00:10.971000,0 days 01:56:37.063000,888.9805555555556,102.0,8558.0,2,0.0,True,0,-567.0847855988304,8160.435879287396,1918.2873074996721
0 days 00:00:11.211000,0 days 01:56:37.303000,895.2472222222223,94.0,8445.0,2,0.0,True,0,-552.1816812967098,8183.491474475583,1917.8180969059226
0 days 00:00:11.304000,0 days 01:56:37.396000,897.5322088342361,91.3843768,8149.1439536,2,0.0,True,0,-543.0,8195.0,1918.0
0 days 00:00:11.504000,0 days 01:56:37.596000,902.1972635412477,85.7593768,7512.8939536,2,0.0,True,0,-514.0,8232.0,1919.0
0 days 00:00:11.531000,0 days 01:56:37.623000,902.8027777777778,85.0,7427.0,2,0.0,True,0,-509.6847676936541,8236.873048358611,1919.0351253493313
0 days 00:00:11.604000,0 days 01:56:37.696000,904.4113435067374,83.35750144,7282.64262656,2,0.0,True,0,-498.0,8249.0,1919.0
0 days 00:00:11.824000,0 days 01:56:37.916000,909.0376189444518,78.40750144,6847.59262656,2,0.0,True,0,-464.0,8274.0,1919.0
0 days 00:00:11.931000,0 days 01:56:38.023000,911.2472222222223,76.0,6636.0,2,0.0,False,0,-444.2629462029981,8284.571046693623,1919.6012234298364
0 days 00:00:12.004000,0 days 01:56:38.096000,912.7499819558575,75.3916672,6670.979136,2,4.2583296,False,0,-430.0,8291.0,1920.0
0 days 00:00:12.171000,0 days 01:56:38.263000,916.1805555555557,74.0,6751.0,2,14.0,False,0,-396.7201686586907,8301.840526208824,1920.2270818654126
0 days 00:00:12.364000,0 days 01:56:38.456000,920.1749746610286,74.8041664,6648.8708672,2,30.083328,False,0,-357.0,8310.0,1920.0
0 days 00:00:12.411000,0 days 01:56:38.503000,921.1805555555557,75.0,6624.0,2,34.0,False,0,-347.09865233225753,8311.708534423286,1919.9940803454633
0 days 00:00:12.464000,0 days 01:56:38.556000,922.3365709581877,76.10416533333333,6695.770746666667,2,34.0,False,0,-335.0,8314.0,1920.0
0 days 00:00:12.651000,0 days 01:56:38.743000,926.513888888889,80.0,6949.0,2,34.0,False,0,-277.71833436343087,8329.471780501457,1920.0207794733901
0 days 00:00:12.764000,0 days 01:56:38.856000,928.9880268169154,79.05833386666667,6780.441762133333,2,23.327783822222223,False,0,-248.0,8339.0,1920.0
0 days 00:00:13.011000,0 days 01:56:39.103000,934.213888888889,77.0,6412.0,2,0.0,False,0,-220.69173502483648,8352.620959278018,1919.8917372068731
0 days 00:00:13.084000,0 days 01:56:39.176000,935.7075361606865,75.1750016,6378.2375296,2,0.0,False,0,-214.0,8359.0,1920.0
0 days 00:00:13.171000,0 days 01:56:39.263000,937.4583333333334,73.0,6338.0,2,0.0,False,0,-204.06687504225022,8369.391614709142,1920.2638012991554
0 days 00:00:13.384000,0 days 01:56:39.476000,941.6191077437506,71.22500053333333,6332.083335111111,2,8.283330844444444,False,0,-177.0,8404.0,1921.0
0 days 00:00:13.531000,0 days 01:56:39.623000,944.4583333333334,70.0,6328.0,2,14.0,False,0,-164.60803021620438,8430.311334433554,1920.9218731667324
0 days 00:00:13.584000,0 days 01:56:39.676000,945.4863644181146,70.18928548571428,6354.121397028572,2,16.6499968,False,0,-161.0,8440.0,1921.0
0 days 00:00:13.784000,0 days 01:56:39.876000,949.4288730565178,70.9035712,6452.6928256,2,26.6499968,False,0,-150.0,8479.0,1922.0
0 days 00:00:13.811000,0 days 01:56:39.903000,949.9805555555556,71.0,6466.0,2,28.0,False,0,-148.81765222840534,8485.26892470445,1922.0692455966218
0 days 00:00:14.024000,0 days 01:56:40.116000,954.5231012727979,74.38863534545455,6744.352189090909,2,34.77727069090909,False,0,-142.0,8539.0,1922.0
0 days 00:00:14.251000,0 days 01:56:40.343000,959.5138888888889,78.0,7041.0,2,42.0,False,0,-139.76845655040003,8577.14954779411,1922.5032036963964
0 days 00:00:14.411000,0 days 01:56:40.503000,963.025,79.0,7541.0,2,51.0,False,0,-141.66434383340658,8606.823373237297,1922.939129844336
0 days 00:00:14.464000,0 days 01:56:40.556000,964.2456303011181,80.9874976,7652.9623648,2,52.3249984,False,0,-143.0,8621.0,1923.0
0 days 00:00:14.571000,0 days 01:56:40.663000,966.8027777777778,85.0,7879.0,2,55.0,False,0,-146.76378400206417,8656.060069016694,1922.9999096788029
0 days 00:00:14.644000,0 days 01:56:40.736000,968.596782442143,86.8249984,8023.47904,2,56.520832,False,0,-150.0,8681.0,1923.0
0 days 00:00:14.811000,0 days 01:56:40.903000,972.8694444444445,91.0,8354.0,2,60.0,False,0,-159.098448386738,8732.22415536872,1923.2162544663743
0 days 00:00:14.971000,0 days 01:56:41.063000,977.2250000000001,98.0,9048.0,2,65.0,False,0,-169.0697100588077,8773.338302984706,1923.6540759764703
0 days 00:00:15.084000,0 days 01:56:41.176000,980.4351839079509,101.29583146666667,9364.3998208,2,68.76666453333334,False,0,-175.0,8797.0,1924.0
0 days 00:00:15.211000,0 days 01:56:41.303000,984.2250000000001,105.0,9720.0,2,73.0,False,0,-180.40231294088903,8818.222118976419,1924.416256927537
0 days 00:00:15.443000,0 days 01:56:41.535000,991.7736553103813,115.77142857142857,10650.485714285714,2,75.48571428571428,False,0,-197.0,8881.0,1925.0
0 days 00:00:15.491000,0 days 01:56:41.583000,993.4027777777779,118.0,10843.0,2,76.0,False,0,-203.94314268119894,8907.072833346621,1925.0323372525447
0 days 00:00:15.623000,0 days 01:56:41.715000,997.9744989448567,123.28,10746.64,2,80.62,False,0,-225.0,8986.0,1925.0
0 days 00:00:15.691000,0 days 01:56:41.783000,1000.4027777777779,126.0,10697.0,2,83.0,False,0,-232.43765406875104,9013.776608108506,1924.9566475613187
0 days 00:00:15.851000,0 days 01:56:41.943000,1006.3583333333335,134.0,10453.0,3,83.0,False,0,-240.04461568602454,9041.819698890633,1924.8132846261626
0 days 00:00:16.003000,0 days 01:56:42.095000,1012.3647288868916,140.84,10899.88,3,84.52,False,0,-248.0,9072.0,1925.0
0 days 00:00:16.051000,0 days 01:56:42.143000,1014.3027777777778,143.0,11041.0,3,85.0,False,0,-251.89830325165443,9086.99044193643,1925.1586576895945
0 days 00:00:16.211000,0 days 01:56:42.303000,1020.8805555555556,148.0,11612.0,3,89.0,False,0,-268.5909998813187,9152.089143770647,1925.8776736404195
0 days 00:00:16.263000,0 days 01:56:42.355000,1023.0916118165782,150.16666666666666,11665.3,3,91.16666666666667,False,0,-274.0,9174.0,1926.0
0 days 00:00:16.383000,0 days 01:56:42.475000,1028.3481513656714,155.16666666666666,11788.3,3,96.16666666666667,False,0,-286.0,9224.0,1926.0
0 days 00:00:16.451000,0 days 01:56:42.543000,1031.413888888889,158.0,11858.0,3,99.0,False,0,-293.19220969257077,9253.352601455686,1925.897843823206
0 days 00:00:16.611000,0 days 01:56:42.703000,1038.8361111111112,167.0,10737.0,4,100.0,False,0,-310.7533011998823,9323.709544400454,1925.8256800058834
0 days 00:00:16.643000,0 days 01:56:42.735000,1040.3366504246321,167.8,10856.8,4,100.0,False,0,-314.0,9337.0,1926.0
0 days 00:00:16.771000,0 days 01:56:42.863000,1046.4361111111111,171.0,11336.0,4,100.0,False,0,-326.1052544718456,9388.161543798757,1927.3760546333629
0 days 00:00:16.843000,0 days 01:56:42.935000,1050.0230350295872,174.34285714285716,11483.857142857143,4,100.0,False,0,-335.0,9429.0,1928.0
0 days 00:00:17.043000,0 days 01:56:43.135000,1060.3393372424025,183.62857142857143,11894.57142857143,4,100.0,False,0,-369.0,9595.0,1928.0
0 days 00:00:17.051000,0 days 01:56:43.143000,1060.747222222222,184.0,11911.0,4,100.0,False,0,-370.10989881706536,9600.584363059159,1927.9905663471463
0 days 00:00:17.291000,0 days 01:56:43.383000,1073.013888888889,184.0,10656.0,4,100.0,False,0,-386.61820622853145,9691.323276262276,1928.0236698138256
0 days 00:00:17.503000,0 days 01:56:43.595000,1085.0867058981669,200.65714285714284,10925.542857142857,4,100.0,False,0,-396.0,9766.0,1929.0
0 days 00:00:17.571000,0 days 01:56:43.663000,1089.0361111111113,206.0,11012.0,5,100.0,False,0,-401.609672784558,9808.56020643679,1929.5728643950422
0 days 00:00:17.624000,0 days 01:56:43.716000,1092.0999455288359,206.6624992,11105.633220266667,5,100.0,False,0,-406.0,9845.0,1930.0
0 days 00:00:17.811000,0 days 01:56:43.903000,1102.9694444444444,209.0,11436.0,5,100.0,False,0,-416.7995114091939,9979.375510159703,1930.7738216652574
0 days 00:00:17.964000,0 days 01:56:44.056000,1112.2784331830521,216.6499968,11573.062442666667,5,100.0,False,0,-422.0,10081.0,1931.0
0 days 00:00:18.051000,0 days 01:56:44.143000,1117.7027777777778,221.0,11651.0,5,100.0,False,0,-424.1077765176443,10130.354173731756,1931.1151993877759
0 days 00:00:18.331000,0 days 01:56:44.423000,1135.5916666666667,230.0,10648.0,6,100.0,False,0,-427.0051494448293,10264.714301408629,1931.6508401091355
0 days 00:00:18.404000,0 days 01:56:44.496000,1140.3303109159372,231.8249984,10693.62496,6,100.0,False,0,-427.0,10306.0,1932.0
0 days 00:00:18.531000,0 days 01:56:44.623000,1148.6472222222221,235.0,10773.0,6,100.0,False,0,-426.3447741628555,10387.01898404885,1932.8087312270086
0 days 00:00:18.584000,0 days 01:56:44.676000,1152.1509065527862,236.10416533333333,10860.229061333333,6,100.0,False,0,-426.0,10422.0,1933.0
0 days 00:00:18.724000,0 days 01:56:44.816000,1161.4917952713188,239.020832,11090.645728,6,100.0,False,0,-425.0,10514.0,1933.0
0 days 00:00:18.771000,0 days 01:56:44.863000,1164.6472222222224,240.0,11168.0,6,100.0,False,0,-424.4337393873776,10544.930049728071,1933.1586223139889
0 days 00:00:18.904000,0 days 01:56:44.996000,1173.623671705662,242.2166656,11243.3666304,6,100.0,False,0,-422.0,10633.0,1934.0
0 days 00:00:19.011000,0 days 01:56:45.103000,1180.913888888889,244.0,11304.0,6,100.0,False,0,-419.07237064787614,10704.978239236407,1934.5231761393366
0 days 00:00:19.211000,0 days 01:56:45.303000,1194.7472222222223,249.0,11501.0,6,100.0,False,0,-411.4698121036731,10842.105851295057,1934.9899277832485
0 days 00:00:19.244000,0 days 01:56:45.336000,1197.0591251880135,249.8249984,11530.562442666667,6,100.0,False,0,-410.0,10865.0,1935.0
0 days 00:00:19.364000,0 days 01:56:45.456000,1205.5382886317639,252.8249984,11638.062442666667,6,100.0,False,0,-404.0,10949.0,1935.0
0 days 00:00:19.451000,0 days 01:56:45.543000,1211.7472222222225,255.0,11716.0,6,100.0,False,0,-398.48625785063206,11011.052282485562,1935.3735072985344
0 days 00:00:19.564000,0 days 01:56:45.656000,1219.8833129246295,257.1187488,11381.9439392,6,100.0,False,0,-391.0,11089.0,1936.0
0 days 00:00:19.771000,0 days 01:56:45.863000,1234.9472222222225,261.0,10770.0,7,100.0,False,0,-378.57736462717037,11220.83914447957,1936.0506952472952
0 days 00:00:19.844000,0 days 01:56:45.936000,1240.28583475105,262.09499904,10737.51502848,7,100.0,False,0,-368.0,11297.0,1936.0
0 days 00:00:19.971000,0 days 01:56:46.063000,1249.613888888889,264.0,10681.0,7,100.0,False,0,-338.4526198858044,11483.033540313265,1936.0086877042959
0 days 00:00:20.024000,0 days 01:56:46.116000,1253.5271106099758,264.79499904,10719.68995328,7,100.0,False,0,-327.0,11553.0,1936.0
0 days 00:00:20.171000,0 days 01:56:46.263000,1264.4472222222223,267.0,10827.0,7,100.0,False,0,-307.28632455811714,11672.168698279504,1935.8480908266279
0 days 00:00:20.484000,0 days 01:56:46.576000,1288.0067001038062,270.9124992,10984.4780928,7,100.0,False,0,-267.0,11815.0,1936.0
0 days 00:00:20.491000,0 days 01:56:46.583000,1288.5361111111113,271.0,10988.0,7,100.0,False,0,-264.75661983003556,11822.576929552994,1936.0370854545374
0 days 00:00:20.644000,0 days 01:56:46.736000,1300.1360788803513,272.9124992,11074.062464,7,100.0,False,0,-206.0,12019.0,1937.0
0 days 00:00:20.651000,0 days 01:56:46.743000,1300.6694444444447,273.0,11078.0,7,100.0,False,0,-203.48418646695126,12027.097372866107,1937.0281573086143
0 days 00:00:20.811000,0 days 01:56:46.903000,1312.9361111111114,276.0,11078.0,7,100.0,False,0,-156.2484720708094,12168.036069993857,1937.0644652405438
0 days 00:00:21.011000,0 days 01:56:47.103000,1328.4361111111114,279.0,11249.0,7,100.0,False,0,-115.38001855472342,12260.793745026438,1936.142496723109
0 days 00:00:21.104000,0 days 01:56:47.196000,1335.6829323049203,280.1624992,11314.6812048,7,100.0,False,0,-94.0,12307.0,1936.0
0 days 00:00:21.171000,0 days 01:56:47.263000,1340.9250000000002,281.0,11362.0,7,100.0,False,0,-77.29514069962958,12342.872260895007,1936.0358233274624
0 days 00:00:21.371000,0 days 01:56:47.463000,1356.702777777778,284.0,11377.0,7,100.0,False,0,-20.975318816889118,12461.654697092114,1936.7111059308595
0 days 00:00:21.484000,0 days 01:56:47.576000,1365.6891664730606,285.2107136,11459.3285248,7,100.0,False,0,15.0,12532.0,1937.0
0 days 00:00:21.644000,0 days 01:56:47.736000,1378.4658132825944,286.92499931428574,11575.899953371429,7,100.0,False,0,77.0,12642.0,1937.0
0 days 00:00:21.651000,0 days 01:56:47.743000,1379.0250000000003,287.0,11581.0,7,100.0,False,0,80.67987645619448,12648.042395442186,1936.9802656353634
0 days 00:00:21.811000,0 days 01:56:47.903000,1391.8250000000003,288.0,11628.0,7,100.0,False,0,186.00840680245145,12812.649386808336,1936.147938187884
0 days 00:00:21.863000,0 days 01:56:47.955000,1396.0078664329717,288.4875,11651.725,7,100.0,False,0,216.0,12858.0,1936.0
0 days 00:00:22.131000,0 days 01:56:48.223000,1417.691666666667,291.0,11774.0,7,100.0,False,0,302.3379225561536,12976.152105545763,1936.895969008743
0 days 00:00:22.183000,0 days 01:56:48.275000,1421.89002569605,291.0,11462.52,7,100.0,False,0,322.0,13000.0,1937.0
0 days 00:00:22.331000,0 days 01:56:48.423000,1433.8583333333336,291.0,10576.0,8,100.0,False,0,397.4301233170879,13090.06413635628,1936.870336311605
0 days 00:00:22.403000,0 days 01:56:48.495000,1439.7372002616241,292.08,10575.1,8,100.0,False,0,439.0,13137.0,1937.0
0 days 00:00:22.703000,0 days 01:56:48.795000,1464.5406534307156,296.58,10571.35,8,100.0,False,0,620.0,13316.0,1939.0
0 days 00:00:22.731000,0 days 01:56:48.823000,1466.8583333333338,297.0,10571.0,8,100.0,False,0,637.185120597966,13331.573193304175,1938.8886370443556
0 days 00:00:22.863000,0 days 01:56:48.955000,1477.7754554398743,297.4714285714286,10612.485714285714,8,100.0,False,0,719.0,13403.0,1938.0
0 days 00:00:23.011000,0 days 01:56:49.103000,1490.0361111111113,298.0,10659.0,8,100.0,False,0,814.0428145382992,13480.669511137852,1938.8405397702402
0 days 00:00:23.043000,0 days 01:56:49.135000,1492.6957470011628,298.22857142857146,10673.742857142857,8,100.0,False,0,835.0,13497.0,1939.0
0 days 00:00:23.243000,0 days 01:56:49.335000,1509.3698574969933,299.65714285714284,10765.885714285714,8,100.0,False,0,969.0,13595.0,1939.0
0 days 00:00:23.291000,0 days 01:56:49.383000,1513.3694444444448,300.0,10788.0,8,100.0,False,0,1001.978985815625,13617.668904007434,1939.0735290405803
0 days 00:00:23.451000,0 days 01:56:49.543000,1526.702777777778,300.0,10851.0,8,100.0,False,0,1114.1745832413724,13690.873043996906,1939.7924943385678
0 days 00:00:23.483000,0 days 01:56:49.575000,1529.3840200925385,300.4,10850.2,8,100.0,False,0,1137.0,13705.0,1940.0
0 days 00:00:23.743000,0 days 01:56:49.835000,1551.3538979211994,303.65,10843.7,8,100.0,False,0,1326.0,13813.0,1942.0
0 days 00:00:23.771000,0 days 01:56:49.863000,1553.7250000000004,304.0,10843.0,8,100.0,False,0,1346.4357790865895,13823.86869470857,1942.1459513647796
0 days 00:00:24.023000,0 days 01:56:50.115000,1575.0613168989976,304.63,10865.68,8,99.37,False,0,1537.0,13918.0,1943.0
0 days 00:00:24.171000,0 days 01:56:50.263000,1587.613888888889,305.0,10879.0,8,99.0,False,0,1664.5906587321983,13974.584418827744,1943.9039633113703
0 days 00:00:24.204000,0 days 01:56:50.296000,1590.4167128098582,305.16499968,10879.0,8,99.16499968,False,0,1692.0,13986.0,1944.0
0 days 00:00:24.304000,0 days 01:56:50.396000,1598.9179497987318,305.66499968,10879.0,8,99.66499968,False,0,1771.0,14017.0,1944.0
0 days 00:00:24.371000,0 days 01:56:50.463000,1604.613888888889,306.0,10879.0,8,100.0,False,0,1824.470089560829,14036.613454663786,1944.1127613302147
0 days 00:00:24.611000,0 days 01:56:50.703000,1625.0138888888891,306.0,10944.0,8,100.0,False,0,2019.448749809575,14100.450268730772,1945.6757575051763
0 days 00:00:24.644000,0 days 01:56:50.736000,1627.8234505420598,306.1031248,10946.1656208,8,100.0,False,0,2045.0,14108.0,1946.0
0 days 00:00:24.824000,0 days 01:56:50.916000,1643.1734507682954,306.6656248,10957.9781208,8,100.0,False,0,2178.0,14144.0,1948.0
0 days 00:00:24.931000,0 days 01:56:51.023000,1652.3027777777781,307.0,10965.0,8,100.0,False,0,2254.2774942026326,14162.611261891085,1948.90556106138
0 days 00:00:25.064000,0 days 01:56:51.156000,1663.6470308151697,307.0,10959.300002742857,8,100.0,False,0,2379.0,14189.0,1950.0
0 days 00:00:25.211000,0 days 01:56:51.303000,1676.1805555555557,307.0,10953.0,8,100.0,False,0,2589.789152936133,14228.653513515539,1951.6689075435047
0 days 00:00:25.244000,0 days 01:56:51.336000,1678.9934177033342,307.0,10952.3812512,8,100.0,False,0,2630.0,14236.0,1952.0
0 days 00:00:25.531000,0 days 01:56:51.623000,1703.4694444444447,307.0,10947.0,8,100.0,False,0,2784.2990462259336,14260.769901873837,1953.6153242405912
0 days 00:00:25.604000,0 days 01:56:51.696000,1709.712955338326,307.3041664,10954.60416,8,100.0,False,0,2833.0,14267.0,1954.0
0 days 00:00:25.771000,0 days 01:56:51.863000,1724.0027777777782,308.0,10972.0,8,100.0,False,0,3013.7573646633355,14290.504162503077,1955.1223244359328
0 days 00:00:25.904000,0 days 01:56:51.996000,1735.3459299758779,307.5250002285714,10962.500004571428,8,100.0,False,0,3172.0,14310.0,1956.0
0 days 00:00:26.051000,0 days 01:56:52.143000,1747.8805555555557,307.0,10952.0,8,100.0,False,0,3314.98595479097,14325.163483440512,1956.7340895348927
0 days 00:00:26.251000,0 days 01:56:52.343000,1764.991666666667,308.0,10994.0,8,100.0,False,0,3464.3847145671357,14337.353384452475,1957.5732927667268
0 days 00:00:26.324000,0 days 01:56:52.416000,1771.2385146456745,308.0,10987.742862628571,8,100.0,False,0,3512.0,14341.0,1958.0
0 days 00:00:26.531000,0 days 01:56:52.623000,1788.9472222222223,308.0,10970.0,8,100.0,False,0,3633.0546925516237,14350.009622892887,1959.5391894517827
0 days 00:00:26.604000,0 days 01:56:52.696000,1795.19254349414,308.0,10966.610717257143,8,100.0,False,0,3682.0,14354.0,1960.0
0 days 00:00:26.804000,0 days 01:56:52.896000,1812.303874924374,308.0,10957.325002971429,8,100.0,False,0,3853.0,14369.0,1961.0
0 days 00:00:26.811000,0 days 01:56:52.903000,1812.902777777778,308.0,10957.0,8,100.0,False,0,3860.2074649163515,14369.625720997296,1961.0499361309755
0 days 00:00:27.011000,0 days 01:56:53.103000,1830.0138888888891,308.0,10994.0,8,100.0,False,0,4097.442816222397,14389.7538354036,1963.0789240978697
0 days 00:00:27.104000,0 days 01:56:53.196000,1837.9701561309535,308.0,10978.500010666667,8,100.0,False,0,4197.0,14398.0,1964.0
0 days 00:00:27.251000,0 days 01:56:53.343000,1850.5472222222227,308.0,10954.0,8,100.0,False,0,4315.6872430512785,14407.545269177232,1965.0964167941902
0 days 00:00:27.491000,0 days 01:56:53.583000,1871.080555555556,308.0,10934.0,8,100.0,False,0,4451.1781886879835,14417.377807721552,1965.9569191398853
0 days 00:00:27.564000,0 days 01:56:53.656000,1877.316288032437,307.7718752,10936.7374976,8,100.0,False,0,4504.0,14421.0,1966.0
0 days 00:00:27.724000,0 days 01:56:53.816000,1890.962572942304,307.2718752,10942.7374976,8,100.0,False,0,4640.0,14430.0,1966.0
0 days 00:00:27.811000,0 days 01:56:53.903000,1898.369444444445,307.0,10946.0,8,100.0,False,0,4714.960282261192,14434.50864976012,1966.524760984695
0 days 00:00:27.884000,0 days 01:56:53.976000,1904.5769864293095,306.63500032,10923.00502016,8,100.0,False,0,4776.0,14438.0,1967.0
0 days 00:00:28.011000,0 days 01:56:54.103000,1915.369444444445,306.0,10883.0,8,100.0,False,0,4876.290914862223,14443.531052018905,1967.2946988591968
0 days 00:00:28.171000,0 days 01:56:54.263000,1928.969444444445,306.0,10889.0,8,100.0,False,0,5009.654917759574,14450.342145452674,1967.0489130709234
0 days 00:00:28.224000,0 days 01:56:54.316000,1933.4650353682018,305.73500032,10889.0,8,100.0,False,0,5065.0,14453.0,1967.0
0 days 00:00:28.371000,0 days 01:56:54.463000,1945.9138888888892,305.0,10889.0,8,100.0,False,0,5247.717300181552,14461.42411605537,1966.9851591695312
0 days 00:00:28.463000,0 days 01:56:54.555000,1953.7057942855563,305.0,10902.8,8,100.0,False,0,5352.0,14466.0,1967.0
0 days 00:00:28.531000,0 days 01:56:54.623000,1959.469444444445,305.0,10913.0,8,100.0,False,0,5412.78937270646,14468.51219107875,1966.9994480875412
0 days 00:00:28.843000,0 days 01:56:54.935000,1985.8275538830658,304.025,10417.7,8,28.825000000000003,False,0,5589.0,14475.0,1967.0
0 days 00:00:28.851000,0 days 01:56:54.943000,1986.4916666666672,304.0,10405.0,8,27.0,False,0,5594.198991331098,14475.229665399977,1967.0050652047782
0 days 00:00:29.011000,0 days 01:56:55.103000,1999.4694444444451,292.0,10394.0,8,0.0,True,0,5717.026709315704,14480.890493961138,1967.1024862405584
0 days 00:00:29.063000,0 days 01:56:55.155000,2003.4311589421877,282.9,10075.5,8,0.0,True,0,5771.0,14483.0,1967.0
0 days 00:00:29.171000,0 days 01:56:55.263000,2011.2027777777785,264.0,9414.0,8,0.0,True,0,5910.2150820886345,14487.655893670168,1966.4668339047153
0 days 00:00:29.263000,0 days 01:56:55.355000,2017.358230266519,252.24921884096574,9411.707164651896,8,0.0,True,0,6017.0,14491.0,1966.0
0 days 00:00:29.492000,0 days 01:56:55.584000,2031.0869444444452,223.0,9406.0,8,0.0,True,0,6106.304003701075,14494.022195967824,1965.872219032074
0 days 00:00:29.603000,0 days 01:56:55.695000,2037.1470048868662,209.07526398273515,9136.655820466049,8,0.0,True,0,6133.0,14495.0,1966.0
0 days 00:00:29.771000,0 days 01:56:55.863000,2045.6569444444451,188.0,8729.0,8,0.0,True,0,6211.300254338689,14497.77295773548,1966.1243054138686
0 days 00:00:29.843000,0 days 01:56:55.935000,2049.0840143116793,180.44,8976.32,8,0.0,True,0,6258.0,14500.0,1966.0
0 days 00:00:29.971000,0 days 01:56:56.063000,2054.9347222222227,167.0,9416.0,8,0.0,True,0,6359.0123358073615,14505.947206498911,1965.390555245615
0 days 00:00:30.063000,0 days 01:56:56.155000,2059.0462319140966,162.4,9599.08,8,0.0,True,0,6420.0,14510.0,1965.0
0 days 00:00:30.171000,0 days 01:56:56.263000,2063.656944444445,157.0,9814.0,6,0.0,True,0,6457.9515758544485,14513.046134815795,1964.883789899996
0 days 00:00:30.363000,0 days 01:56:56.455000,2070.9412313143735,141.22857142857143,9680.285714285714,6,0.0,True,0,6483.0,14518.0,1965.0
0 days 00:00:30.451000,0 days 01:56:56.543000,2074.0791666666673,134.0,9619.0,5,0.0,True,0,6506.194257531872,14522.663416432337,1964.818884966096
0 days 00:00:30.703000,0 days 01:56:56.795000,2082.7812037433296,125.0,9156.4,5,0.0,True,0,6602.0,14544.0,1964.0
0 days 00:00:30.731000,0 days 01:56:56.823000,2083.723611111112,124.0,9105.0,3,0.0,True,0,6612.677975369917,14546.970128829671,1963.9721199852988
0 days 00:00:30.864000,0 days 01:56:56.956000,2088.134940614668,120.6750016,8814.06264,3,0.0,True,0,6661.0,14562.0,1964.0
0 days 00:00:30.971000,0 days 01:56:57.063000,2091.5902777777787,118.0,8580.0,3,0.0,True,0,6693.991740469242,14573.640165412608,1964.0789965126562
0 days 00:00:31.044000,0 days 01:56:57.136000,2093.893107645672,116.1750016,8499.960784457144,3,0.0,True,0,6715.0,14582.0,1964.0
0 days 00:00:31.251000,0 days 01:56:57.343000,2100.223611111112,111.0,8273.0,3,0.0,True,0,6771.865891370679,14609.251664963063,1963.0369815607496
0 days 00:00:31.264000,0 days 01:56:57.356000,2100.614717890836,110.7833344,8271.375008,3,0.9749952,True,0,6775.0,14611.0,1963.0
0 days 00:00:31.444000,0 days 01:56:57.536000,2105.9679162884927,107.7833344,8248.875008,3,14.474995199999999,True,0,6813.0,14636.0,1963.0
0 days 00:00:31.491000,0 days 01:56:57.583000,2107.356944444445,107.0,8243.0,3,18.0,False,0,6822.484518322734,14643.612428415112,1963.0735802960223
0 days 00:00:31.731000,0 days 01:56:57.823000,2114.4236111111118,106.0,8377.0,3,41.0,False,0,6869.652972969822,14691.148517304116,1963.4436748993548
0 days 00:00:31.824000,0 days 01:56:57.916000,2117.146564659454,106.33214262857143,8454.389232457142,3,46.64642468571429,False,0,6885.0,14713.0,1963.0
0 days 00:00:31.944000,0 days 01:56:58.036000,2120.6877809145267,106.76071405714286,8554.246375314286,3,53.93213897142857,False,0,6902.0,14744.0,1962.0
0 days 00:00:32.011000,0 days 01:56:58.103000,2122.745833333334,107.0,8610.0,3,58.0,False,0,6911.181932805983,14763.008726139797,1961.864908047246
0 days 00:00:32.124000,0 days 01:56:58.216000,2126.363674850254,110.76666453333334,8732.416597333333,3,55.802779022222225,False,0,6927.0,14797.0,1962.0
0 days 00:00:32.371000,0 days 01:56:58.463000,2134.645833333334,119.0,9000.0,3,51.0,False,0,6966.734494955678,14871.814482852313,1960.9570455543649
0 days 00:00:32.404000,0 days 01:56:58.496000,2135.7476679208494,119.2062496,9000.8249984,3,49.3500032,False,0,6973.0,14881.0,1961.0
0 days 00:00:32.531000,0 days 01:56:58.623000,2139.979166666667,120.0,9004.0,3,43.0,False,0,6999.614780304507,14913.671405904593,1961.8836705727028
0 days 00:00:32.624000,0 days 01:56:58.716000,2143.0926722991853,120.33214262857143,9080.060661942856,3,46.32142628571429,False,0,7020.0,14935.0,1962.0
0 days 00:00:32.724000,0 days 01:56:58.816000,2146.456203387756,120.68928548571428,9161.846376228572,3,49.89285485714286,False,0,7044.0,14957.0,1961.0
0 days 00:00:32.811000,0 days 01:56:58.903000,2149.390277777778,121.0,9233.0,3,53.0,False,0,7078.311222177343,14982.25713860596,1960.6320291048446
0 days 00:00:32.964000,0 days 01:56:59.056000,2154.583786132676,122.52999936,9547.41486848,3,63.70999552,False,0,7151.0,15030.0,1961.0
0 days 00:00:33.011000,0 days 01:56:59.103000,2156.2236111111115,123.0,9644.0,3,67.0,False,0,7167.99234513854,15040.545635576507,1961.1069071518232
0 days 00:00:33.424000,0 days 01:56:59.516000,2171.8215920369335,135.04583146666667,10770.285242133334,3,78.18541493333333,False,0,7256.0,15077.0,1961.0
0 days 00:00:33.491000,0 days 01:56:59.583000,2174.490277777778,137.0,10953.0,3,80.0,False,0,7279.127888001134,15084.590401421035,1960.6079482002565
0 days 00:00:33.584000,0 days 01:56:59.676000,2178.2432095847926,140.65356891428573,10957.982139428572,3,80.66428525714285,False,0,7315.0,15096.0,1960.0
0 days 00:00:33.771000,0 days 01:56:59.863000,2186.001388888889,148.0,10968.0,3,82.0,False,0,7386.651283719025,15115.30749624145,1959.1883505071753
0 days 00:00:33.864000,0 days 01:56:59.956000,2189.9967599592815,152.18499712,10744.33515392,3,87.57999616,False,0,7424.0,15124.0,1959.0
0 days 00:00:33.971000,0 days 01:57:00.063000,2194.723611111111,157.0,10487.0,3,94.0,False,0,7469.417138184563,15133.73895964478,1958.962316103098
0 days 00:00:34.044000,0 days 01:57:00.136000,2198.039120485418,159.7374976,10576.6530464,3,95.140624,False,0,7501.0,15140.0,1959.0
0 days 00:00:34.264000,0 days 01:57:00.356000,2208.436557532939,167.9874976,10846.8405464,3,98.578124,False,0,7597.0,15157.0,1959.0
0 days 00:00:34.291000,0 days 01:57:00.383000,2209.7458333333334,169.0,10880.0,4,99.0,False,0,7609.251796789207,15159.160118569505,1958.9054043640572
0 days 00:00:34.444000,0 days 01:57:00.536000,2217.303248582835,176.6499968,11256.37984256,4,99.0,False,0,7681.0,15172.0,1958.0
0 days 00:00:34.491000,0 days 01:57:00.583000,2219.690277777778,179.0,11372.0,4,99.0,False,0,7703.685663328891,15176.067326182168,1957.6964123443647
0 days 00:00:34.664000,0 days 01:57:00.756000,2228.784004864412,185.7277752888889,10872.70296248889,4,99.48055537777778,False,0,7789.0,15192.0,1957.0
0 days 00:00:34.851000,0 days 01:57:00.943000,2238.9902777777784,193.0,10333.0,5,100.0,False,0,7882.38392228466,15212.976716300534,1957.9547910308488
0 days 00:00:34.924000,0 days 01:57:01.016000,2243.0300268124984,194.65908945454547,10419.604469527272,5,100.0,False,0,7920.0,15223.0,1957.0
0 days 00:00:34.964000,0 days 01:57:01.056000,2245.256780324909,195.56818036363637,10467.059014981818,5,100.0,False,0,7941.0,15229.0,1956.0
0 days 00:00:35.203000,0 days 01:57:01.295000,2258.752872227522,201.0,10750.6,5,100.0,False,0,8068.0,15267.0,1955.0
0 days 00:00:35.291000,0 days 01:57:01.383000,2263.8013888888895,203.0,10855.0,5,100.0,False,0,8112.302898321959,15280.332604452125,1955.0985069105643
0 days 00:00:35.403000,0 days 01:57:01.495000,2270.2878287027065,206.26666666666668,10975.866666666667,5,100.0,False,0,8177.0,15300.0,1955.0
0 days 00:00:35.531000,0 days 01:57:01.623000,2277.8013888888895,210.0,11114.0,5,100.0,False,0,8280.785266598587,15332.188261908213,1954.3541892603048
0 days 00:00:35.743000,0 days 01:57:01.835000,2290.5075457543494,215.3,11497.366666666667,5,100.0,False,0,8469.0,15392.0,1953.0
0 days 00:00:35.771000,0 days 01:57:01.863000,2292.2013888888896,216.0,11548.0,5,100.0,False,0,8488.276224305902,15398.350273818563,1952.922144531654
0 days 00:00:36.011000,0 days 01:57:02.103000,2306.8680555555566,220.0,11864.0,5,100.0,False,0,8599.056597340843,15437.71124006708,1953.2149865640238
0 days 00:00:36.183000,0 days 01:57:02.275000,2317.6587291247097,223.8116350247774,11663.889161199186,5,100.0,False,0,8676.0,15468.0,1953.0
0 days 00:00:36.363000,0 days 01:57:02.455000,2329.1534479009506,227.80055539954444,11454.470841523917,5,100.0,False,0,8782.0,15510.0,1952.0
0 days 00:00:36.372000,0 days 01:57:02.464000,2329.73138888889,228.0,11444.0,5,100.0,False,0,8787.349735113261,15512.098462099733,1951.9878645992137
0 days 00:00:36.463000,0 days 01:57:02.555000,2335.592181236768,229.82914642680717,11061.7083967973,5,100.0,False,0,8841.0,15533.0,1952.0
0 days 00:00:36.571000,0 days 01:57:02.663000,2342.5558333333342,232.0,10608.0,6,100.0,False,0,8906.42356092377,15558.30103270658,1951.3637856011435
0 days 00:00:36.623000,0 days 01:57:02.715000,2345.8972045724668,232.0,10659.48,6,100.0,False,0,8937.0,15570.0,1951.0
0 days 00:00:36.771000,0 days 01:57:02.863000,2355.4447222222234,232.0,10806.0,6,100.0,False,0,9016.792543420064,15599.908261725377,1950.319418825106
0 days 00:00:36.931000,0 days 01:57:03.023000,2366.022500000001,238.0,10806.0,6,100.0,False,0,9110.170935375869,15633.272984608797,1950.0550584785888
0 days 00:00:37.003000,0 days 01:57:03.095000,2370.7964654415678,238.3,10867.2,6,100.0,False,0,9170.0,15654.0,1950.0
0 days 00:00:37.171000,0 days 01:57:03.263000,2381.9558333333343,239.0,11010.0,6,100.0,False,0,9336.522571548903,15710.78871744411,1949.9962818974393
0 days 00:00:37.183000,0 days 01:57:03.275000,2382.7568840936992,239.1125,11015.8875,6,100.0,False,0,9346.0,15714.0,1950.0
0 days 00:00:37.444000,0 days 01:57:03.536000,2400.298817100018,241.5593744,11143.9405936,6,100.0,False,0,9460.0,15752.0,1950.0
0 days 00:00:37.491000,0 days 01:57:03.583000,2403.4669444444453,242.0,11167.0,6,100.0,False,0,9483.405828939802,15759.719508216729,1949.9036374072014
0 days 00:00:37.651000,0 days 01:57:03.743000,2414.1336111111123,240.0,11324.0,6,91.0,False,0,9587.333662164867,15793.949466245598,1949.264318362159
0 days 00:00:37.784000,0 days 01:57:03.876000,2422.3608403170247,229.07500525714286,10719.800290742856,6,48.72502034285714,False,0,9677.0,15822.0,1948.0
0 days 00:00:37.924000,0 days 01:57:04.016000,2430.601124164117,217.57500525714286,10083.800290742856,6,4.22502034285715,False,0,9761.0,15846.0,1946.0
0 days 00:00:37.931000,0 days 01:57:04.023000,2431.0113888888895,217.0,10052.0,6,2.0,True,0,9764.78337351302,15847.014622199906,1945.9128759887437
0 days 00:00:38.164000,0 days 01:57:04.256000,2444.5305344163353,209.51071634285714,10661.960546742857,6,4.496427885714286,True,0,9880.0,15871.0,1944.0
0 days 00:00:38.211000,0 days 01:57:04.303000,2447.1891666666675,208.0,10785.0,5,5.0,True,0,9908.078392557733,15874.052239392697,1943.6748187214055
0 days 00:00:38.371000,0 days 01:57:04.463000,2456.033611111112,199.0,10585.0,5,6.0,True,0,10018.812248641254,15880.377837237464,1942.5774689098466
0 days 00:00:38.464000,0 days 01:57:04.556000,2461.066710988048,196.21000192,10316.69518464,5,7.85999872,True,0,10077.0,15881.0,1942.0
0 days 00:00:38.571000,0 days 01:57:04.663000,2466.755833333334,193.0,10008.0,5,10.0,True,0,10132.019735222515,15878.875496556991,1941.4104381057587
0 days 00:00:38.731000,0 days 01:57:04.823000,2475.066944444445,187.0,9818.0,5,11.0,True,0,10195.149949556044,15869.915953721787,1940.6340643464134
0 days 00:00:38.844000,0 days 01:57:04.936000,2480.9130244956195,186.05833386666666,9686.6375744,5,11.0,True,0,10243.0,15859.0,1940.0
0 days 00:00:38.971000,0 days 01:57:05.063000,2487.4002777777782,185.0,9539.0,5,11.0,True,0,10303.85823440773,15841.790628353565,1939.1911788829807
0 days 00:00:39.004000,0 days 01:57:05.096000,2489.0553563826834,184.1750016,9547.1468592,5,15.9499904,True,0,10321.0,15836.0,1939.0
0 days 00:00:39.244000,0 days 01:57:05.336000,2500.8202811691544,178.1750016,9606.3968592,5,51.9499904,True,0,10456.0,15776.0,1938.0
0 days 00:00:39.291000,0 days 01:57:05.383000,2503.1336111111113,177.0,9618.0,5,59.0,False,0,10480.926704208758,15761.335043652547,1937.8456534774982
0 days 00:00:39.451000,0 days 01:57:05.543000,2511.089166666667,179.0,9746.0,5,59.0,False,0,10558.804322448137,15704.944402323046,1937.3871363939334
0 days 00:00:39.684000,0 days 01:57:05.776000,2522.8025416692203,180.94166613333334,9934.341614933333,5,70.6499968,False,0,10643.0,15629.0,1937.0
0 days 00:00:39.691000,0 days 01:57:05.783000,2523.1558333333337,181.0,9940.0,5,71.0,False,0,10644.832269112127,15627.222790561978,1936.9950708332708
0 days 00:00:39.931000,0 days 01:57:06.023000,2535.3558333333335,183.0,10217.0,5,82.0,False,0,10692.96464750227,15572.158465954888,1936.9983314113776
0 days 00:00:39.944000,0 days 01:57:06.036000,2536.0273913012193,183.28888746666667,10229.3499392,5,82.03611093333333,False,0,10696.0,15568.0,1937.0
0 days 00:00:40.184000,0 days 01:57:06.276000,2548.6719986942167,188.6222208,10457.3499392,5,82.7027776,False,0,10764.0,15464.0,1937.0
0 days 00:00:40.291000,0 days 01:57:06.383000,2554.4558333333334,191.0,10559.0,5,83.0,False,0,10791.073837638689,15412.792439323088,1937.0009488545084
0 days 00:00:40.404000,0 days 01:57:06.496000,2560.6603633528066,194.76666453333334,10684.7124288,5,85.8249984,False,0,10816.0,15357.0,1937.0
0 days 00:00:40.531000,0 days 01:57:06.623000,2567.7225000000003,199.0,10826.0,5,89.0,False,0,10840.26590567857,15291.17400771361,1936.9881829499632
0 days 00:00:40.684000,0 days 01:57:06.776000,2576.3060421121995,201.8687488,11231.4498304,5,99.5187456,False,0,10865.0,15210.0,1937.0
0 days 00:00:40.691000,0 days 01:57:06.783000,2576.7002777777784,202.0,11250.0,5,100.0,False,0,10866.037510221362,15206.31417863151,1937.0024818277147
0 days 00:00:40.844000,0 days 01:57:06.936000,2585.3521247242948,203.9124992,11309.2874752,5,100.0,False,0,10887.0,15122.0,1937.0
0 days 00:00:40.931000,0 days 01:57:07.023000,2590.366944444445,205.0,11343.0,5,100.0,False,0,10898.108912753813,15062.35885601533,1936.7575435761205
0 days 00:00:41.091000,0 days 01:57:07.183000,2599.8336111111116,213.0,11537.0,5,99.0,False,0,10915.851545954516,14945.1605701232,1936.0459664591924
0 days 00:00:41.104000,0 days 01:57:07.196000,2600.61197084786,213.270832,11550.3249344,5,99.0541664,False,0,10917.0,14937.0,1936.0
0 days 00:00:41.331000,0 days 01:57:07.423000,2614.366944444445,218.0,11783.0,5,100.0,False,0,10930.3337007806,14827.287381742912,1935.4578512756964
0 days 00:00:41.424000,0 days 01:57:07.516000,2620.07250708067,219.54999893333334,11403.250261333333,5,100.0,False,0,10935.0,14781.0,1935.0
0 days 00:00:41.571000,0 days 01:57:07.663000,2629.1669444444447,222.0,10803.0,6,100.0,False,0,10943.537443773634,14692.180596397979,1933.7305201430722
0 days 00:00:41.683000,0 days 01:57:07.775000,2636.157123601979,223.75,10728.45,6,99.65,False,0,10950.0,14620.0,1933.0
0 days 00:00:41.863000,0 days 01:57:07.955000,2647.5467102529437,226.5625,10608.6375,6,99.0875,False,0,10959.0,14507.0,1933.0
0 days 00:00:41.891000,0 days 01:57:07.983000,2649.3447222222226,227.0,10590.0,6,99.0,False,0,10960.307555261952,14489.327950781597,1933.0178499236888
0 days 00:00:42.163000,0 days 01:57:08.255000,2667.098797840172,234.77142857142857,10797.885714285714,6,99.97142857142858,False,0,10972.0,14315.0,1933.0
0 days 00:00:42.171000,0 days 01:57:08.263000,2667.6225000000004,235.0,10804.0,6,100.0,False,0,10972.315721616531,14309.837746826246,1932.9994423081148
0 days 00:00:42.343000,0 days 01:57:08.435000,2678.860889952809,235.5375,10903.4375,6,100.0,False,0,10979.0,14198.0,1933.0
0 days 00:00:42.491000,0 days 01:57:08.583000,2688.600277777778,236.0,10989.0,6,100.0,False,0,10985.47729445961,14100.453131010741,1932.994705799949
0 days 00:00:42.503000,0 days 01:57:08.595000,2689.3963736202713,236.24896272171625,10992.98340354746,6,100.0,False,0,10986.0,14093.0,1933.0
0 days 00:00:42.732000,0 days 01:57:08.824000,2704.733888888889,241.0,11069.0,6,100.0,False,0,10996.180975349578,13961.054475707628,1933.230518952878
0 days 00:00:42.823000,0 days 01:57:08.915000,2710.8602732842724,241.56993769420455,11108.89563859432,6,100.0,False,0,11003.0,13882.0,1933.0
0 days 00:00:43.003000,0 days 01:57:09.095000,2723.011846663383,242.69728618658388,11187.810033060872,6,100.0,False,0,11021.0,13680.0,1932.0
0 days 00:00:43.211000,0 days 01:57:09.303000,2737.1994444444445,244.0,11279.0,6,100.0,False,0,11029.2423088691,13593.636553484426,1932.6897543341315
0 days 00:00:43.323000,0 days 01:57:09.415000,2744.9227581658815,244.93333333333334,11216.466666666667,6,99.53333333333333,False,0,11033.0,13558.0,1933.0
0 days 00:00:43.451000,0 days 01:57:09.543000,2753.5994444444445,246.0,11145.0,6,99.0,True,0,11040.296951244902,13486.721251043073,1932.691980668013
0 days 00:00:43.611000,0 days 01:57:09.703000,2763.8216666666667,230.0,10395.0,6,1.0,True,0,11051.87500271399,13368.187704276297,1931.9134532246285
0 days 00:00:43.683000,0 days 01:57:09.775000,2768.154099823977,222.8,10384.2,6,1.0,True,0,11056.0,13320.0,1932.0
0 days 00:00:43.811000,0 days 01:57:09.903000,2775.4883333333337,210.0,10365.0,6,1.0,True,0,11061.381211967066,13244.107426711133,1932.8172861956275
0 days 00:00:43.863000,0 days 01:57:09.955000,2778.3645680683526,205.84,10419.6,6,1.26,True,0,11063.0,13214.0,1933.0
0 days 00:00:44.011000,0 days 01:57:10.103000,2786.2661111111115,194.0,10575.0,6,2.0,True,0,11066.094485525653,13125.603590459192,1932.3658725173864
0 days 00:00:44.104000,0 days 01:57:10.196000,2791.064161142525,188.88500352,10583.83499392,6,3.39499904,True,0,11067.0,13074.0,1932.0
0 days 00:00:44.184000,0 days 01:57:10.276000,2795.093070664175,184.48500352,10591.43499392,6,4.594999039999999,True,0,11067.0,13034.0,1932.0
0 days 00:00:44.211000,0 days 01:57:10.303000,2796.432777777778,183.0,10594.0,6,5.0,True,0,11066.604973641062,13020.535798322093,1931.930871811514
0 days 00:00:44.344000,0 days 01:57:10.436000,2802.8859820737785,178.0125024,10707.0499456,6,7.216665600000001,True,0,11062.0,12955.0,1931.0
0 days 00:00:44.451000,0 days 01:57:10.543000,2808.032777777778,174.0,10798.0,5,9.0,True,0,11056.826206779215,12908.774087484377,1929.9923614795703
0 days 00:00:44.564000,0 days 01:57:10.656000,2813.5188173554716,174.0,10781.0500096,5,17.474995200000002,True,0,11049.0,12862.0,1929.0
0 days 00:00:44.611000,0 days 01:57:10.703000,2815.766111111111,174.0,10774.0,4,21.0,True,0,11044.653366423998,12841.563639457388,1928.6915074362544
0 days 00:00:44.771000,0 days 01:57:10.863000,2823.1883333333335,167.0,10687.0,4,28.0,False,0,11025.005965470678,12769.456267435966,1928.0654291171347
0 days 00:00:44.804000,0 days 01:57:10.896000,2824.70685217512,166.90833351111112,10704.599965866666,4,31.574993066666668,False,0,11020.0,12755.0,1928.0
0 days 00:00:45.104000,0 days 01:57:11.196000,2838.533115127696,166.07500017777778,10864.599965866666,4,64.07499306666668,False,0,10961.0,12634.0,1928.0
0 days 00:00:45.131000,0 days 01:57:11.223000,2839.7883333333334,166.0,10879.0,4,67.0,False,0,10954.83212171066,12623.991080015807,1927.9833046948793
0 days 00:00:45.264000,0 days 01:57:11.356000,2846.006294478412,167.47777706666668,10945.130523733333,4,69.58610986666666,False,0,10918.0,12573.0,1928.0
0 days 00:00:45.491000,0 days 01:57:11.583000,2856.7883333333334,170.0,11058.0,4,74.0,False,0,10805.463328412956,12460.139678655883,1929.7504859010048
0 days 00:00:45.524000,0 days 01:57:11.616000,2858.3788760281022,170.8249984,11035.23004416,4,75.31999744,False,0,10791.0,12447.0,1930.0
0 days 00:00:45.691000,0 days 01:57:11.783000,2866.5105555555556,175.0,10920.0,4,82.0,False,0,10739.12621927074,12404.912132552885,1930.8667608917613
0 days 00:00:45.851000,0 days 01:57:11.943000,2874.4216666666666,178.0,9803.0,4,86.0,False,0,10702.219568190776,12383.907670397335,1931.070326830675
0 days 00:00:45.904000,0 days 01:57:11.996000,2877.0909936421567,179.4906232,9902.7061296,4,88.1531224,False,0,10685.0,12374.0,1931.0
0 days 00:00:46.171000,0 days 01:57:12.263000,2891.043888888889,187.0,10405.0,5,99.0,False,0,10567.89298063253,12306.321428324145,1929.1992765443279
0 days 00:00:46.184000,0 days 01:57:12.276000,2891.7515972272545,187.58499712,10424.72740288,5,99.03249984,False,0,10562.0,12303.0,1929.0
0 days 00:00:46.244000,0 days 01:57:12.336000,2895.0543789946178,190.28499712,10515.77740288,5,99.18249984,False,0,10535.0,12288.0,1928.0
0 days 00:00:46.504000,0 days 01:57:12.596000,2909.9321480472427,201.98499712,10910.32740288,5,99.83249984,False,0,10409.0,12224.0,1927.0
0 days 00:00:46.571000,0 days 01:57:12.663000,2913.8216666666667,205.0,11012.0,5,100.0,False,0,10374.998496190161,12206.758348342773,1927.0466301441782
0 days 00:00:46.644000,0 days 01:57:12.736000,2918.071621537255,206.56428434285715,11144.442741028572,5,99.73928594285714,False,0,10338.0,12188.0,1927.0
0 days 00:00:46.824000,0 days 01:57:12.916000,2928.631802549045,210.4214272,11471.0141696,5,99.0964288,False,0,10244.0,12141.0,1926.0
0 days 00:00:46.851000,0 days 01:57:12.943000,2930.2327777777778,211.0,11520.0,5,99.0,False,0,10227.112077558815,12132.440637239446,1925.827174699133
0 days 00:00:47.131000,0 days 01:57:13.223000,2947.1883333333335,218.0,11836.0,5,100.0,False,0,10017.070772136109,12023.97034088692,1924.249361346889
0 days 00:00:47.204000,0 days 01:57:13.296000,2951.7678921835804,220.37249792,11652.77016064,5,100.0,False,0,9975.0,12002.0,1924.0
0 days 00:00:47.524000,0 days 01:57:13.616000,2972.4036727637476,230.77249792,10849.57016064,5,100.0,False,0,9863.0,11942.0,1924.0
0 days 00:00:47.531000,0 days 01:57:13.623000,2972.855,231.0,10832.0,6,100.0,False,0,9859.765346185219,11940.237986783908,1924.0237632053968
0 days 00:00:47.691000,0 days 01:57:13.783000,2983.210555555556,233.0,10964.0,6,100.0,False,0,9768.066341890737,11890.261487236603,1924.7972635485387
0 days 00:00:47.764000,0 days 01:57:13.856000,2988.076727458718,236.3458304,11020.270784,6,100.0,False,0,9725.0,11867.0,1925.0
0 days 00:00:47.864000,0 days 01:57:13.956000,2994.8928020851545,240.92916373333333,11097.354117333334,6,100.0,False,0,9667.0,11836.0,1925.0
0 days 00:00:47.931000,0 days 01:57:14.023000,2999.4772222222223,244.0,11149.0,6,100.0,False,0,9616.577145655543,11809.055325268602,1924.9938116127587
0 days 00:00:48.091000,0 days 01:57:14.183000,3010.4550000000004,247.0,11362.0,6,100.0,False,0,9457.218014723096,11723.71141242996,1925.052938504597
0 days 00:00:48.203000,0 days 01:57:14.295000,3018.232141184305,249.0,11432.8,6,100.0,False,0,9356.0,11669.0,1925.0
0 days 00:00:48.371000,0 days 01:57:14.463000,3030.0550000000003,252.0,11539.0,6,100.0,False,0,9244.140546556344,11607.342243879877,1924.687651840751
0 days 00:00:48.643000,0 days 01:57:14.735000,3049.5567909740153,256.76,10835.2,6,100.0,False,0,9111.0,11531.0,1924.0
0 days 00:00:48.771000,0 days 01:57:14.863000,3058.832777777778,259.0,10504.0,6,100.0,False,0,9036.431319143468,11487.949627400994,1923.8465264447814
0 days 00:00:48.971000,0 days 01:57:15.063000,3073.443888888889,263.0,10655.0,7,100.0,False,0,8906.189782518517,11412.84368561879,1923.8607031224449
0 days 00:00:49.063000,0 days 01:57:15.155000,3080.2767034249046,264.96441325879874,10714.587202183562,7,100.0,False,0,8845.0,11378.0,1924.0
0 days 00:00:49.252000,0 days 01:57:15.344000,3094.440833333334,269.0,10837.0,7,100.0,False,0,8718.23682766278,11306.822519726302,1924.5583913302012
0 days 00:00:49.483000,0 days 01:57:15.575000,3111.6950624764936,269.0,10920.7375232,7,100.0,False,0,8559.0,11218.0,1925.0
0 days 00:00:49.492000,0 days 01:57:15.584000,3112.374166666667,269.0,10924.0,7,100.0,False,0,8552.637773668015,11214.43118939187,1924.9924092880606
0 days 00:00:49.772000,0 days 01:57:15.864000,3133.8408333333336,276.0,11190.0,7,100.0,False,0,8354.340233684123,11102.58107980271,1924.044981920576
0 days 00:00:49.883000,0 days 01:57:15.975000,3142.46319933989,277.5459616185472,11232.668540671904,7,100.0,False,0,8293.0,11068.0,1924.0
0 days 00:00:50.131000,0 days 01:57:16.223000,3161.8627777777783,281.0,11328.0,7,100.0,False,0,8202.160618117503,11016.974481092273,1925.3226825178442
0 days 00:00:50.243000,0 days 01:57:16.335000,3170.6479166201166,282.12,11377.84,7,100.0,False,0,8130.0,10975.0,1926.0
0 days 00:00:50.331000,0 days 01:57:16.423000,3177.585000000001,283.0,11417.0,7,100.0,False,0,8045.61697528723,10925.415321400691,1926.4142604408353
0 days 00:00:50.544000,0 days 01:57:16.636000,3194.5739017223145,285.95833244444447,11522.316635022222,7,99.40833351111111,False,0,7817.0,10790.0,1927.0
0 days 00:00:50.691000,0 days 01:57:16.783000,3206.385000000001,288.0,11595.0,7,99.0,False,0,7745.562096057458,10746.59724784788,1927.0776015504218
0 days 00:00:50.864000,0 days 01:57:16.956000,3220.3146663411335,289.29749952,11191.91014912,7,99.43249984,False,0,7695.0,10713.0,1927.0
0 days 00:00:51.091000,0 days 01:57:17.183000,3238.718333333334,291.0,10663.0,7,100.0,False,0,7560.004689522682,10621.693317721561,1926.9617067960694
0 days 00:00:51.164000,0 days 01:57:17.256000,3244.6903752995267,292.8249984,10634.7125248,7,100.0,False,0,7505.0,10583.0,1927.0
0 days 00:00:51.251000,0 days 01:57:17.343000,3251.829444444445,295.0,10601.0,8,100.0,False,0,7433.594127418312,10531.342607691395,1927.0622678788022
0 days 00:00:51.284000,0 days 01:57:17.376000,3254.5393155549905,295.13749973333336,10605.5374912,8,100.0,False,0,7404.0,10509.0,1927.0
0 days 00:00:51.491000,0 days 01:57:17.583000,3271.5627777777786,296.0,10634.0,8,100.0,False,0,7196.650605573783,10341.515763882198,1925.154465527424
0 days 00:00:51.504000,0 days 01:57:17.596000,3272.6334416122295,296.06499968,10639.13497472,8,100.0,False,0,7185.0,10332.0,1925.0
0 days 00:00:51.891000,0 days 01:57:17.983000,3304.6738888888895,298.0,10792.0,8,100.0,False,0,6946.005224564062,10138.871367794038,1919.5365134532246
0 days 00:00:51.924000,0 days 01:57:18.016000,3307.4357691489326,298.8249984,10813.8624576,8,100.0,False,0,6927.0,10123.0,1919.0
0 days 00:00:52.051000,0 days 01:57:18.143000,3318.096111111112,302.0,10898.0,8,100.0,False,0,6849.614321665529,10057.144964670424,1916.836830546244
0 days 00:00:52.291000,0 days 01:57:18.383000,3338.2294444444447,302.0,10843.0,8,100.0,False,0,6695.021406068768,9921.719817871748,1912.6013965989532
0 days 00:00:52.404000,0 days 01:57:18.496000,3347.7680121021076,303.0593744,10836.6437536,8,100.0,False,0,6635.0,9869.0,1911.0
0 days 00:00:52.611000,0 days 01:57:18.703000,3365.340555555556,305.0,10825.0,8,100.0,False,0,6547.710542613917,9792.650481628938,1908.7049135720972
0 days 00:00:52.704000,0 days 01:57:18.796000,3373.2589873087272,305.66428525714286,10875.817822171428,8,100.0,False,0,6494.0,9746.0,1907.0
0 days 00:00:52.891000,0 days 01:57:18.983000,3389.2183333333337,307.0,10978.0,8,100.0,False,0,6332.159155739318,9605.881360001124,1901.2698099880547
0 days 00:00:53.024000,0 days 01:57:19.116000,3400.593191649609,307.66499968,10981.3249984,8,100.0,False,0,6210.0,9500.0,1897.0
0 days 00:00:53.091000,0 days 01:57:19.183000,3406.329444444445,308.0,10983.0,8,100.0,False,0,6155.097862973992,9452.282631104408,1895.1924290556894
0 days 00:00:53.364000,0 days 01:57:19.456000,3429.7433796332652,308.75833315555553,11043.666652444444,8,100.0,False,0,5977.0,9297.0,1890.0
0 days 00:00:53.451000,0 days 01:57:19.543000,3437.229444444445,309.0,11063.0,8,100.0,False,0,5935.40342095164,9260.855110525306,1888.9488526522625
0 days 00:00:53.784000,0 days 01:57:19.876000,3465.995951023224,310.66499968,11105.45749184,8,100.0,False,0,5795.0,9139.0,1885.0
0 days 00:00:53.851000,0 days 01:57:19.943000,3471.7850000000008,311.0,11114.0,8,100.0,False,0,5753.454640214538,9102.653038244769,1883.3474937681376
0 days 00:00:53.944000,0 days 01:57:20.036000,3479.8152395727616,311.0,11107.0250048,8,100.0,False,0,5691.0,9048.0,1881.0
0 days 00:00:54.051000,0 days 01:57:20.143000,3489.0627777777786,311.0,11099.0,8,100.0,False,0,5620.619835089543,8986.615728437266,1879.1929850444556
0 days 00:00:54.144000,0 days 01:57:20.236000,3497.1235075691225,311.4227269818182,11110.836355490908,8,100.0,False,0,5560.0,8934.0,1878.0
0 days 00:00:54.344000,0 days 01:57:20.436000,3514.5236848750287,312.33181789090906,11136.290900945454,8,100.0,False,0,5429.0,8821.0,1876.0
0 days 00:00:54.491000,0 days 01:57:20.583000,3527.318333333334,313.0,11155.0,8,100.0,False,0,5332.245171796417,8737.116265112554,1876.7212592120518
0 days 00:00:54.564000,0 days 01:57:20.656000,3533.668318566237,313.0,11154.3916672,8,100.0,False,0,5285.0,8696.0,1877.0
0 days 00:00:54.803000,0 days 01:57:20.895000,3554.4454306094867,313.0,11152.4,8,100.0,False,0,5128.0,8559.0,1876.0
0 days 00:00:54.851000,0 days 01:57:20.943000,3558.618333333334,313.0,11152.0,8,100.0,False,0,5090.933717624859,8526.743787236646,1876.0469051508064
0 days 00:00:55.011000,0 days 01:57:21.103000,3572.5294444444453,313.0,11158.0,8,100.0,False,0,4953.191111947641,8407.126715204973,1877.2051224091806
0 days 00:00:55.083000,0 days 01:57:21.175000,3578.7894655750392,313.0,11162.68,8,100.0,False,0,4892.0,8354.0,1878.0
0 days 00:00:55.211000,0 days 01:57:21.303000,3589.918333333334,313.0,11171.0,8,100.0,False,0,4788.800197139992,8264.365299506402,1879.7060360721023
0 days 00:00:55.371000,0 days 01:57:21.463000,3603.8294444444455,313.0,11110.0,8,100.0,False,0,4671.286972523889,8162.219477423586,1882.2463799403292
0 days 00:00:55.543000,0 days 01:57:21.635000,3618.781240703446,313.0,11144.877777777778,8,100.0,False,0,4577.0,8080.0,1884.0
0 days 00:00:55.731000,0 days 01:57:21.823000,3635.129444444445,313.0,11183.0,8,100.0,False,0,4515.423066697828,8025.843381491543,1884.3651672780284
0 days 00:00:55.863000,0 days 01:57:21.955000,3646.617671213384,313.0,11140.233636333187,8,100.0,False,0,4433.0,7954.0,1886.0
0 days 00:00:56.052000,0 days 01:57:22.144000,3663.0386111111115,313.0,11079.0,8,100.0,False,0,4210.429034287715,7760.981666066057,1892.092836610583
0 days 00:00:56.083000,0 days 01:57:22.175000,3665.722650284224,312.68999936,11077.29499648,8,100.0,False,0,4177.0,7732.0,1893.0
0 days 00:00:56.252000,0 days 01:57:22.344000,3680.3163888888894,311.0,11068.0,8,100.0,False,0,4045.2987235025716,7617.757692830547,1896.2656265871074
0 days 00:00:56.452000,0 days 01:57:22.544000,3697.538611111111,310.0,11002.0,8,100.0,False,0,3973.322189534583,7555.154166090143,1897.2698654290364
0 days 00:00:56.583000,0 days 01:57:22.675000,3708.7777388808404,309.45188272418204,11003.096234551636,8,100.0,False,0,3918.0,7507.0,1898.0
0 days 00:00:56.691000,0 days 01:57:22.783000,3718.052777777778,309.0,11004.0,8,100.0,False,0,3862.741395487703,7458.900776132106,1898.790884223455
0 days 00:00:56.931000,0 days 01:57:23.023000,3738.7861111111106,311.0,11015.0,8,100.0,False,0,3717.5284233935117,7332.546368901137,1900.898131486574
0 days 00:00:56.943000,0 days 01:57:23.035000,3739.8265062709947,310.94,11014.04,8,100.0,False,0,3710.0,7326.0,1901.0
0 days 00:00:57.564000,0 days 01:57:23.656000,3793.4853434471647,307.83500032,10964.36000512,8,100.0,False,0,3297.0,6967.0,1906.0
0 days 00:00:57.731000,0 days 01:57:23.823000,3807.008333333333,307.0,10951.0,8,100.0,True,0,3178.778534785525,6863.907859466279,1907.6303329188358
0 days 00:00:57.924000,0 days 01:57:24.016000,3821.907380313604,285.5555626666667,10462.602939733333,8,47.46112853333334,True,0,3062.0,6762.0,1909.0
0 days 00:00:58.091000,0 days 01:57:24.183000,3833.708333333333,267.0,10040.0,8,2.0,True,0,2999.0628160741703,6707.055047319713,1909.0640409030702
0 days 00:00:58.164000,0 days 01:57:24.256000,3838.431249939087,256.9625088,9988.53504512,8,2.18249984,True,0,2972.0,6683.0,1909.0
0 days 00:00:58.491000,0 days 01:57:24.583000,3857.2638888888887,212.0,9758.0,8,3.0,True,0,2818.6856733655004,6542.047500195268,1908.997505232404
0 days 00:00:58.524000,0 days 01:57:24.616000,3859.1070387890895,210.71666915555556,9803.374912,8,3.183332977777778,True,0,2804.0,6528.0,1909.0
0 days 00:00:58.744000,0 days 01:57:24.836000,3871.2843078354695,202.1611136,10105.874912,8,4.4055552,True,0,2718.0,6441.0,1909.0
0 days 00:00:58.851000,0 days 01:57:24.943000,3877.063888888889,198.0,10253.0,6,5.0,True,0,2683.0031654250174,6400.012247094024,1909.0086849135505
0 days 00:00:58.864000,0 days 01:57:24.956000,3877.758069255355,197.458336,10230.1959456,6,5.1624992,True,0,2679.0,6395.0,1909.0
0 days 00:00:59.091000,0 days 01:57:25.183000,3889.597222222222,188.0,9832.0,5,8.0,True,0,2617.533456353574,6305.078603330896,1908.3256500358063
0 days 00:00:59.144000,0 days 01:57:25.236000,3892.28296077963,185.6812528,9793.906296,5,10.6499968,True,0,2606.0,6283.0,1908.0
0 days 00:00:59.251000,0 days 01:57:25.343000,3897.6416666666664,181.0,9717.0,5,16.0,False,0,2586.2469162180582,6236.823859202665,1907.1857249776003
0 days 00:00:59.284000,0 days 01:57:25.376000,3899.288748100984,180.76428617142858,9668.207237485714,5,18.592852114285716,False,0,2581.0,6222.0,1907.0
0 days 00:00:59.524000,0 days 01:57:25.616000,3911.2165670321997,179.05000045714286,9313.350094628571,5,37.449994971428566,False,0,2554.0,6106.0,1907.0
0 days 00:00:59.531000,0 days 01:57:25.623000,3911.563888888889,179.0,9303.0,5,38.0,False,0,2553.508122489373,6102.481080710893,1907.0085696924466
0 days 00:00:59.704000,0 days 01:57:25.796000,3920.142569852975,179.0,9494.3811792,5,48.812495999999996,False,0,2546.0,6014.0,1907.0
0 days 00:00:59.851000,0 days 01:57:25.943000,3927.475,179.0,9657.0,5,58.0,False,0,2544.0905110022973,5937.572311460503,1906.2051216962952
0 days 00:00:59.904000,0 days 01:57:25.996000,3930.138274679215,179.828124,9732.5249088,5,61.4781208,False,0,2544.0,5910.0,1906.0
0 days 00:01:00.171000,0 days 01:57:26.263000,3943.8305555555553,184.0,10113.0,5,79.0,False,0,2545.991566831086,5771.627548613394,1906.243698795301
0 days 00:01:00.224000,0 days 01:57:26.316000,3946.6471706861194,186.08214034285714,10158.807087542857,5,81.27142582857142,False,0,2546.0,5744.0,1906.0
0 days 00:01:00.344000,0 days 01:57:26.436000,3953.151149596662,190.79642605714287,10262.521373257143,5,86.41428297142858,False,0,2545.0,5681.0,1905.0
0 days 00:01:00.451000,0 days 01:57:26.543000,3958.997222222222,195.0,10355.0,5,91.0,False,0,2543.0079938472636,5623.9333384608835,1904.814140067791
0 days 00:01:00.584000,0 days 01:57:26.676000,3966.2704174561177,196.32999936,10587.08488832,5,79.69500544,False,0,2538.0,5552.0,1905.0
0 days 00:01:00.651000,0 days 01:57:26.743000,3969.9416666666666,197.0,10704.0,5,74.0,False,0,2533.854425550992,5515.476228096139,1904.8554937367421
0 days 00:01:00.811000,0 days 01:57:26.903000,3978.7416666666663,198.0,10784.0,5,74.0,False,0,2520.252554686423,5429.640985971729,1904.0668950643708
0 days 00:01:00.824000,0 days 01:57:26.916000,3979.4597826529734,198.13928502857144,10791.753533257142,5,74.27857005714286,False,0,2519.0,5423.0,1904.0
0 days 00:01:01.004000,0 days 01:57:27.096000,3989.464637631623,200.06785645714285,10899.110676114286,5,78.13571291428572,False,0,2495.0,5327.0,1903.0
0 days 00:01:01.091000,0 days 01:57:27.183000,3994.3749999999995,201.0,10951.0,5,80.0,False,0,2471.05662602969,5260.980505487929,1902.301962541263
0 days 00:01:01.264000,0 days 01:57:27.356000,4004.308816776008,205.3249984,11144.904094933334,5,85.04583146666667,False,0,2416.0,5127.0,1901.0
0 days 00:01:01.331000,0 days 01:57:27.423000,4008.1749999999997,207.0,11220.0,5,87.0,False,0,2403.468030985354,5098.70157288004,1900.853128065336
0 days 00:01:01.523000,0 days 01:57:27.615000,4019.255427662813,208.37142857142857,11283.771428571428,5,95.22857142857143,False,0,2378.0,5056.0,1901.0
0 days 00:01:01.611000,0 days 01:57:27.703000,4024.4305555555547,209.0,11313.0,5,99.0,False,0,2354.629277540799,5020.429744545899,1900.815460206993
0 days 00:01:01.803000,0 days 01:57:27.895000,4036.049394937294,217.64,10237.8,5,99.96,False,0,2285.0,4920.0,1900.0
0 days 00:01:01.811000,0 days 01:57:27.903000,4036.541666666666,218.0,10193.0,5,100.0,False,0,2282.0706407248,4916.127518048242,1899.9666463668336
0 days 00:01:02.123000,0 days 01:57:28.215000,4056.043028203704,224.825,10589.825,5,100.0,False,0,2153.0,4772.0,1899.0
0 days 00:01:02.131000,0 days 01:57:28.223000,4056.541666666666,225.0,10600.0,6,100.0,False,0,2148.431198585307,4767.442390187507,1898.9937598581437
0 days 00:01:02.283000,0 days 01:57:28.375000,4065.994457385748,225.0,10748.2,6,99.24,False,0,2053.0,4672.0,1899.0
0 days 00:01:02.331000,0 days 01:57:28.423000,4069.041666666666,225.0,10795.0,6,99.0,False,0,2025.5018501478446,4641.596484067045,1898.9712074493884
0 days 00:01:02.692000,0 days 01:57:28.784000,4093.1083333333327,240.0,11103.0,6,99.0,False,0,1880.9050896624572,4425.2748128713265,1898.128325352911
0 days 00:01:02.743000,0 days 01:57:28.835000,4096.511540580223,240.0,11237.1939184,6,99.3187504,False,0,1867.0,4397.0,1898.0
0 days 00:01:02.852000,0 days 01:57:28.944000,4103.774999999999,240.0,11524.0,6,100.0,False,0,1841.9262521206283,4338.64181699767,1897.7444173497984
0 days 00:01:03.092000,0 days 01:57:29.184000,4120.041666666665,244.0,11420.0,6,99.0,False,0,1804.0378909823098,4214.730758470556,1897.1677274838432
0 days 00:01:03.143000,0 days 01:57:29.235000,4123.5537199395785,245.28033599187654,11455.209239776605,6,99.0,False,0,1797.0,4187.0,1897.0
0 days 00:01:03.331000,0 days 01:57:29.423000,4136.638888888888,250.0,11585.0,6,99.0,False,0,1772.9283767583354,4079.127525368592,1896.2435055458864
0 days 00:01:03.443000,0 days 01:57:29.535000,4144.490509281279,251.4,11585.0,6,99.46666666666667,False,0,1760.0,4009.0,1896.0
0 days 00:01:03.571000,0 days 01:57:29.663000,4153.505555555554,253.0,11585.0,6,100.0,False,0,1746.558843407579,3922.3061075922315,1896.0824225128981
0 days 00:01:03.643000,0 days 01:57:29.735000,4158.5942068608365,253.9,11183.0,6,99.7,False,0,1740.0,3869.0,1896.0
0 days 00:01:03.811000,0 days 01:57:29.903000,4170.57222222222,256.0,10245.0,6,99.0,False,0,1727.8406892060257,3733.971053034818,1895.072774762766
0 days 00:01:03.824000,0 days 01:57:29.916000,4171.510282037449,256.3249984,10261.936027733333,6,99.03611093333333,False,0,1727.0,3724.0,1895.0
0 days 00:01:04.044000,0 days 01:57:30.136000,4187.634587027621,261.8249984,10548.547138844444,6,99.64722204444445,False,0,1713.0,3565.0,1894.0
0 days 00:01:04.171000,0 days 01:57:30.263000,4197.072222222221,265.0,10714.0,7,100.0,False,0,1702.6537211294244,3455.6842895218933,1893.2505807197927
0 days 00:01:04.404000,0 days 01:57:30.496000,4214.526896093922,268.23611022222224,10803.316642133334,7,100.0,False,0,1683.0,3255.0,1892.0
0 days 00:01:04.531000,0 days 01:57:30.623000,4224.072222222221,270.0,10852.0,7,100.0,False,0,1675.9035979650243,3183.3260457108854,1891.907678041038
0 days 00:01:04.691000,0 days 01:57:30.783000,4236.116666666665,271.0,11283.0,7,100.0,False,0,1667.820767733313,3099.747840583034,1892.0088672843399
0 days 00:01:04.704000,0 days 01:57:30.796000,4237.100027730781,271.18571337142856,11274.317899885715,7,100.0,False,0,1667.0,3091.0,1892.0
0 days 00:01:04.971000,0 days 01:57:31.063000,4257.505555555554,275.0,11096.0,7,100.0,False,0,1645.9376643844241,2860.5874973570094,1891.2511567228848
0 days 00:01:05.024000,0 days 01:57:31.116000,4261.605260401912,275.9937488,11135.2530776,7,100.0,False,0,1642.0,2817.0,1891.0
0 days 00:01:05.291000,0 days 01:57:31.383000,4282.483333333331,281.0,11333.0,7,100.0,False,0,1625.772464244248,2637.058012802054,1889.3899516627223
0 days 00:01:05.364000,0 days 01:57:31.456000,4288.242346423093,282.2166656,11338.4749952,7,100.0,False,0,1621.0,2586.0,1889.0
0 days 00:01:05.531000,0 days 01:57:31.623000,4301.483333333332,285.0,11351.0,7,100.0,False,0,1608.5238309681858,2455.6719576736596,1888.2226839685995
0 days 00:01:05.564000,0 days 01:57:31.656000,4304.107923159171,285.2062496,11373.3780816,7,100.0,False,0,1606.0,2429.0,1888.0
0 days 00:01:05.784000,0 days 01:57:31.876000,4321.6547401062535,286.5812496,11522.5655816,7,100.0,False,0,1590.0,2255.0,1886.0
0 days 00:01:05.851000,0 days 01:57:31.943000,4326.994444444443,287.0,11568.0,7,100.0,False,0,1585.8528493261342,2208.911832843795,1885.6303743498854
0 days 00:01:06.011000,0 days 01:57:32.103000,4339.749999999998,287.0,11690.0,7,100.0,False,0,1575.5187685021112,2093.1356669631605,1885.2170934962776
0 days 00:01:06.064000,0 days 01:57:32.156000,4344.0092369123395,287.79499904,11531.132691840001,7,100.0,False,0,1570.0,2032.0,1885.0
0 days 00:01:06.224000,0 days 01:57:32.316000,4356.998485074817,290.19499904,11051.53269184,7,100.0,False,0,1548.0,1790.0,1884.0
0 days 00:01:06.411000,0 days 01:57:32.503000,4372.305555555554,293.0,10491.0,8,100.0,False,0,1529.3953318401968,1588.278928021305,1882.6378320240237
0 days 00:01:06.664000,0 days 01:57:32.756000,4393.094803150452,295.1083328,10567.427064,8,100.0,False,0,1516.0,1446.0,1881.0
0 days 00:01:06.891000,0 days 01:57:32.983000,4411.905555555554,297.0,10636.0,8,100.0,False,0,1507.3691963065403,1351.952266502724,1880.177698260753
0 days 00:01:06.944000,0 days 01:57:33.036000,4416.328848749244,298.3249984,10672.7687056,8,100.0,False,0,1504.0,1315.0,1880.0
0 days 00:01:07.051000,0 days 01:57:33.143000,4425.283333333332,301.0,10747.0,8,100.0,False,0,1494.6061798211385,1212.0079333340486,1879.6148706407812
0 days 00:01:07.184000,0 days 01:57:33.276000,4436.424147771606,301.4156248,10756.5593704,8,100.0,False,0,1481.0,1064.0,1879.0
0 days 00:01:07.344000,0 days 01:57:33.436000,4449.855435543734,301.9156248,10768.0593704,8,100.0,False,0,1467.0,914.0,1878.0
0 days 00:01:07.371000,0 days 01:57:33.463000,4452.127777777776,302.0,10770.0,8,100.0,False,0,1464.9260584945457,891.2532047106735,1877.8511780697552
0 days 00:01:07.544000,0 days 01:57:33.636000,4466.7300056820195,303.72999936,10889.36995584,8,100.0,False,0,1452.0,746.0,1877.0
0 days 00:01:07.571000,0 days 01:57:33.663000,4469.016666666665,304.0,10908.0,8,100.0,False,0,1449.533745752078,718.6113142809842,1876.8402114654084
0 days 00:01:07.844000,0 days 01:57:33.936000,4492.261985649235,306.27499946666666,10938.333326222222,8,100.0,False,0,1421.0,408.0,1875.0
0 days 00:01:07.931000,0 days 01:57:34.023000,4499.716666666664,307.0,10948.0,8,100.0,False,0,1414.7707349467878,342.26499459709026,1874.6172598334606
0 days 00:01:08.163000,0 days 01:57:34.255000,4519.691038797296,309.48571428571427,11022.57142857143,8,100.0,False,0,1403.0,220.0,1874.0
0 days 00:01:08.211000,0 days 01:57:34.303000,4523.827777777776,310.0,11038.0,8,100.0,False,0,1400.0377242704594,187.64311772929975,1873.8658125879242
0 days 00:01:08.371000,0 days 01:57:34.463000,4537.605555555553,310.0,11048.0,8,100.0,False,0,1388.0153878582066,53.916942728541095,1873.302498645738
0 days 00:01:08.423000,0 days 01:57:34.515000,4542.074604848708,309.8375,11057.2625,8,100.0,False,0,1383.0,-1.0,1873.0
0 days 00:01:08.663000,0 days 01:57:34.755000,4562.666165319816,309.0875,11100.0125,8,100.0,False,0,1356.0,-292.0,1871.0
0 days 00:01:08.691000,0 days 01:57:34.783000,4565.07222222222,309.0,11105.0,8,100.0,False,0,1353.626928512278,-317.7281524581232,1870.7972258221846
0 days 00:01:08.851000,0 days 01:57:34.943000,4578.849999999998,310.0,11077.0,8,100.0,False,0,1345.0513973896911,-412.53714758994795,1869.9107609358884
0 days 00:01:09.083000,0 days 01:57:35.175000,4598.949926237969,311.44548315423964,11119.64175305007,8,100.0,False,0,1331.0,-567.0,1869.0
0 days 00:01:09.172000,0 days 01:57:35.264000,4606.669999999997,312.0,11136.0,8,100.0,False,0,1319.603338504356,-689.1972444345168,1868.620526687645
0 days 00:01:09.303000,0 days 01:57:35.395000,4618.024756012757,312.0,11126.1749952,8,100.0,False,0,1302.0,-878.0,1868.0
0 days 00:01:09.372000,0 days 01:57:35.464000,4624.003333333331,312.0,11121.0,8,100.0,False,0,1295.7373441172736,-946.1984269081853,1867.6243885892932
0 days 00:01:09.532000,0 days 01:57:35.624000,4637.869999999998,312.0,11124.0,8,100.0,False,0,1289.1906655735859,-1021.4722930544334,1866.6360869975051
0 days 00:01:09.703000,0 days 01:57:35.795000,4652.7307040349615,312.38863650909093,11124.388636509091,8,100.0,False,0,1282.0,-1102.0,1866.0
0 days 00:01:09.963000,0 days 01:57:36.055000,4675.34465122646,312.9795456,11124.9795456,8,100.0,False,0,1261.0,-1327.0,1866.0
0 days 00:01:09.972000,0 days 01:57:36.064000,4676.125555555554,313.0,11125.0,8,100.0,False,0,1260.2828795784792,-1334.964367657103,1865.981248887147
0 days 00:01:10.183000,0 days 01:57:36.275000,4694.4096598442375,312.11715478034347,11119.702928682062,8,100.0,False,0,1244.0,-1518.0,1865.0
0 days 00:01:10.211000,0 days 01:57:36.303000,4696.838888888888,312.0,11119.0,8,100.0,False,0,1241.502337995786,-1544.2810327017535,1864.8274155469016
0 days 00:01:10.344000,0 days 01:57:36.436000,4708.397552740058,312.5541664,11133.4083264,8,100.0,False,0,1229.0,-1673.0,1864.0
0 days 00:01:10.451000,0 days 01:57:36.543000,4717.7055555555535,313.0,11145.0,8,100.0,False,0,1220.4464196676581,-1767.821872685111,1863.53074183234
0 days 00:01:10.564000,0 days 01:57:36.656000,4727.532122595647,313.0,11151.591662933333,8,100.0,False,0,1212.0,-1864.0,1863.0
0 days 00:01:10.691000,0 days 01:57:36.783000,4738.572222222221,313.0,11159.0,8,100.0,False,0,1201.7012759598538,-1975.4125745149604,1862.0329234578735
0 days 00:01:10.824000,0 days 01:57:36.916000,4750.129850590896,313.0,11159.0,8,100.0,False,0,1191.0,-2089.0,1861.0
0 days 00:01:10.931000,0 days 01:57:37.023000,4759.438888888887,313.0,11159.0,8,100.0,False,0,1183.229025937554,-2172.762614908299,1860.465011417832
0 days 00:01:11.044000,0 days 01:57:37.136000,4769.291278642256,313.56499968,11157.87000064,8,100.0,False,0,1175.0,-2262.0,1860.0
0 days 00:01:11.131000,0 days 01:57:37.223000,4776.883333333331,314.0,11157.0,8,100.0,False,0,1168.0334565663572,-2337.2656136867517,1859.5742259115796
0 days 00:01:11.244000,0 days 01:57:37.336000,4786.744068103175,314.0,11158.765624,8,100.0,False,0,1159.0,-2436.0,1859.0
0 days 00:01:11.451000,0 days 01:57:37.543000,4804.794444444442,314.0,11162.0,8,100.0,False,0,1143.3420493553535,-2612.450871907289,1858.0653680085413
0 days 00:01:11.464000,0 days 01:57:37.556000,4805.926679959513,313.95357165714285,11161.164289828572,8,100.0,False,0,1142.0,-2627.0,1858.0
0 days 00:01:11.644000,0 days 01:57:37.736000,4821.585833180573,313.31071451428573,11149.592861257142,8,100.0,False,0,1120.0,-2860.0,1857.0
0 days 00:01:11.731000,0 days 01:57:37.823000,4829.138888888887,313.0,11144.0,8,100.0,False,0,1112.4170414392895,-2941.2708621309134,1856.5399879621664
0 days 00:01:11.931000,0 days 01:57:38.023000,4846.472222222221,312.0,11102.0,8,100.0,False,0,1103.446756480018,-3042.0473431118226,1855.543259793698
0 days 00:01:12.024000,0 days 01:57:38.116000,4854.541811324727,312.0,11081.850013866666,8,100.0,False,0,1098.0,-3101.0,1855.0
0 days 00:01:12.184000,0 days 01:57:38.276000,4868.433184398644,312.0,11047.1833472,8,100.0,False,0,1085.0,-3239.0,1854.0
0 days 00:01:12.291000,0 days 01:57:38.383000,4877.672222222221,312.0,11024.0,8,100.0,False,0,1075.1003686487734,-3347.449419242819,1853.5871516762604
0 days 00:01:12.491000,0 days 01:57:38.583000,4894.838888888888,309.0,11052.0,8,100.0,False,0,1056.5752142406732,-3554.666903974998,1853.1299106130546
0 days 00:01:12.524000,0 days 01:57:38.616000,4897.676665471551,309.2062496,11052.0,8,100.0,False,0,1054.0,-3583.0,1853.0
0 days 00:01:12.651000,0 days 01:57:38.743000,4908.616666666665,310.0,11052.0,8,100.0,False,0,1045.5404750413736,-3674.186168247349,1852.321424084956
0 days 00:01:12.811000,0 days 01:57:38.903000,4922.394444444443,310.0,11004.0,8,100.0,False,0,1035.5454940779387,-3776.9077676532256,1851.2775683899072
0 days 00:01:12.864000,0 days 01:57:38.956000,4926.961428752156,310.0,10996.31500928,8,100.0,False,0,1031.0,-3823.0,1851.0
0 days 00:01:13.011000,0 days 01:57:39.103000,4939.616666666664,310.0,10975.0,8,100.0,False,0,1014.9243571783949,-3984.997994486635,1850.4293827709466
0 days 00:01:13.124000,0 days 01:57:39.216000,4949.291955857097,308.5875008,10972.1750016,8,100.0,False,0,1002.0,-4113.0,1850.0
0 days 00:01:13.171000,0 days 01:57:39.263000,4953.305555555554,308.0,10971.0,8,100.0,False,0,997.0780166249152,-4160.79638335719,1849.7845646673488
0 days 00:01:13.491000,0 days 01:57:39.583000,4980.594444444442,307.0,10885.0,8,100.0,False,0,969.2724233157627,-4415.339793791779,1848.129569260758
0 days 00:01:13.544000,0 days 01:57:39.636000,4985.148514948245,306.81071451428573,10819.69650742857,8,97.53928868571428,False,0,965.0,-4452.0,1848.0
0 days 00:01:13.771000,0 days 01:57:39.863000,5004.394444444442,306.0,10540.0,8,87.0,False,0,946.9703089482781,-4599.486831679544,1848.1307038218872
0 days 00:01:13.984000,0 days 01:57:40.076000,5020.830590426767,282.0375072,10196.5376032,8,31.087516800000003,False,0,921.0,-4760.0,1848.0
0 days 00:01:14.091000,0 days 01:57:40.183000,5028.394444444441,270.0,10024.0,8,3.0,True,0,901.5206349837508,-4860.586995264546,1847.4139916164318
0 days 00:01:14.164000,0 days 01:57:40.256000,5033.278175442398,259.0500096,10252.7331328,8,3.6083328,True,0,889.0,-4922.0,1847.0
0 days 00:01:14.331000,0 days 01:57:40.423000,5043.994444444442,234.0,10776.0,8,5.0,True,0,869.8558888177017,-5007.63393762578,1846.4219906665996
0 days 00:01:14.464000,0 days 01:57:40.556000,5052.664372759843,234.0,10874.9187024,8,6.6624992,True,0,855.0,-5062.0,1846.0
0 days 00:01:14.491000,0 days 01:57:40.583000,5054.394444444441,234.0,10895.0,7,7.0,True,0,851.2156287047982,-5075.1860966503755,1845.8890530259082
0 days 00:01:14.803000,0 days 01:57:40.895000,5073.300287540705,218.4,11097.8,7,7.0,True,0,791.0,-5260.0,1844.0
0 days 00:01:14.811000,0 days 01:57:40.903000,5073.77222222222,218.0,11103.0,5,7.0,True,0,789.1660099598262,-5264.579986774861,1843.9374285895574
0 days 00:01:14.963000,0 days 01:57:41.055000,5082.679507127636,213.25,10906.825,5,7.95,True,0,753.0,-5346.0,1843.0
0 days 00:01:15.131000,0 days 01:57:41.223000,5092.261111111108,208.0,10690.0,5,9.0,True,0,708.7849011765161,-5427.102304561578,1843.9654529434542
0 days 00:01:15.143000,0 days 01:57:41.235000,5092.929130310736,207.4,10679.45,5,9.65,True,0,704.0,-5434.0,1844.0
0 days 00:01:15.371000,0 days 01:57:41.463000,5105.327777777775,196.0,10479.0,5,22.0,False,0,579.2713968564352,-5585.118511701458,1843.047721713564
0 days 00:01:15.383000,0 days 01:57:41.475000,5105.977643275593,195.94029848845324,10481.089552904135,5,23.13432871938825,False,0,574.0,-5591.0,1843.0
0 days 00:01:15.572000,0 days 01:57:41.664000,5116.215277777776,195.0,10514.0,5,41.0,False,0,527.772404800469,-5636.213786364633,1842.850058412438
0 days 00:01:15.723000,0 days 01:57:41.815000,5124.305993652334,193.74166613333333,10476.879150933333,5,55.47083946666667,False,0,492.0,-5658.0,1843.0
0 days 00:01:15.812000,0 days 01:57:41.904000,5129.081944444442,193.0,10455.0,5,64.0,False,0,454.59315560801224,-5682.089626269558,1843.0125759027453
0 days 00:01:15.903000,0 days 01:57:41.995000,5133.99793850058,193.91000064,10498.2250304,5,67.64000256,False,0,410.0,-5709.0,1843.0
0 days 00:01:16.012000,0 days 01:57:42.104000,5139.915277777776,195.0,10550.0,5,72.0,False,0,356.53583473405575,-5735.633238442859,1842.9955592359113
0 days 00:01:16.183000,0 days 01:57:42.275000,5149.223719255045,195.61071451428572,10644.660749714285,5,75.66428708571429,False,0,271.0,-5767.0,1843.0
0 days 00:01:16.292000,0 days 01:57:42.384000,5155.159722222221,196.0,10705.0,5,78.0,False,0,214.03972065661958,-5782.030289730643,1842.9994991446617
0 days 00:01:16.403000,0 days 01:57:42.495000,5161.198986483256,196.46250026666667,10800.275054933334,5,78.46250026666667,False,0,154.0,-5793.0,1843.0
0 days 00:01:16.532000,0 days 01:57:42.624000,5168.293055555554,197.0,10911.0,5,79.0,False,0,81.58693777212773,-5799.719159893828,1843.006994471322
0 days 00:01:16.663000,0 days 01:57:42.755000,5175.684241597313,200.2852674035827,10979.990615475237,5,79.82131685089568,False,0,9.0,-5801.0,1843.0
0 days 00:01:16.723000,0 days 01:57:42.815000,5179.1262618619885,201.7899692960563,11011.589355217182,5,80.19749232401408,False,0,-23.0,-5800.0,1843.0
0 days 00:01:16.851000,0 days 01:57:42.943000,5186.458333333332,205.0,11079.0,5,81.0,False,0,-97.39625130156847,-5792.41114650626,1843.3481798632076
0 days 00:01:17.024000,0 days 01:57:43.116000,5196.333385280842,205.72083306666667,11079.0,5,81.0,False,0,-203.0,-5772.0,1844.0
0 days 00:01:17.091000,0 days 01:57:43.183000,5200.191666666665,206.0,11079.0,5,81.0,False,0,-241.5319729909593,-5761.778442330611,1844.0563394797264
0 days 00:01:17.224000,0 days 01:57:43.316000,5207.949253425955,208.4937488,10766.0345256,5,83.9093736,False,0,-315.0,-5738.0,1844.0
0 days 00:01:17.404000,0 days 01:57:43.496000,5218.618456501045,211.8687488,10342.4720256,5,87.8468736,False,0,-414.0,-5698.0,1844.0
0 days 00:01:17.411000,0 days 01:57:43.503000,5219.03611111111,212.0,10326.0,5,88.0,False,0,-418.08956431864107,-5696.115579226003,1843.9899277415102
0 days 00:01:17.684000,0 days 01:57:43.776000,5235.516564136575,217.1187488,10356.7124928,5,98.2374976,False,0,-584.0,-5606.0,1844.0
0 days 00:01:17.731000,0 days 01:57:43.823000,5238.413888888887,218.0,10362.0,6,100.0,False,0,-608.3721901822894,-5589.683031838697,1844.6046218419274
0 days 00:01:17.764000,0 days 01:57:43.856000,5240.46082872773,219.15499776,10392.35994112,6,100.0,False,0,-625.0,-5578.0,1845.0
0 days 00:01:17.931000,0 days 01:57:44.023000,5250.913888888887,225.0,10546.0,6,100.0,False,0,-708.5175094416448,-5513.989089601596,1845.1438583417112
0 days 00:01:18.024000,0 days 01:57:44.116000,5256.709581673698,225.0,10641.3249344,6,100.0,False,0,-752.0,-5478.0,1845.0
0 days 00:01:18.091000,0 days 01:57:44.183000,5260.913888888887,225.0,10710.0,6,100.0,False,0,-781.2052929658666,-5452.888458307991,1845.1363728627248
0 days 00:01:18.284000,0 days 01:57:44.376000,5273.314569519136,230.6291648,10841.8832896,6,100.0,False,0,-872.0,-5362.0,1846.0
0 days 00:01:18.331000,0 days 01:57:44.423000,5276.380555555555,232.0,10874.0,6,100.0,False,0,-902.0056302483961,-5327.072053435535,1846.0645447027114
0 days 00:01:18.484000,0 days 01:57:44.576000,5286.450834851534,236.781248,11079.593664,6,100.0,False,0,-1005.0,-5200.0,1846.0
0 days 00:01:18.491000,0 days 01:57:44.583000,5286.913888888887,237.0,11089.0,6,100.0,False,0,-1008.7387251732068,-5195.248529989974,1846.0008823515425
0 days 00:01:18.731000,0 days 01:57:44.823000,5302.913888888887,240.0,11265.0,6,100.0,False,0,-1076.0459509804082,-5101.063540385252,1846.3857658812822
0 days 00:01:18.884000,0 days 01:57:44.976000,5313.286604323472,243.05999872,11405.75994112,6,100.0,False,0,-1109.0,-5043.0,1847.0
0 days 00:01:18.931000,0 days 01:57:45.023000,5316.469444444443,244.0,11449.0,6,100.0,False,0,-1123.1985456725665,-5018.109071810608,1847.2473485728915
0 days 00:01:19.064000,0 days 01:57:45.156000,5325.436406335839,244.0,11490.89497984,6,100.0,False,0,-1169.0,-4936.0,1848.0
0 days 00:01:19.131000,0 days 01:57:45.223000,5330.024999999999,244.0,11512.0,6,100.0,False,0,-1190.560663875717,-4894.267391809368,1848.313940452117
0 days 00:01:19.291000,0 days 01:57:45.383000,5341.269444444443,253.0,11637.0,6,100.0,False,0,-1237.3803701965116,-4794.289365963334,1848.9457646771418
0 days 00:01:19.304000,0 days 01:57:45.396000,5342.185836898573,253.0541664,11599.08352,6,100.0,False,0,-1241.0,-4786.0,1849.0
0 days 00:01:19.531000,0 days 01:57:45.623000,5358.202777777778,254.0,10937.0,6,100.0,False,0,-1300.217097226808,-4636.816829393896,1849.929485929394
0 days 00:01:19.584000,0 days 01:57:45.676000,5361.997613368018,255.3249984,10893.937552,6,100.0,False,0,-1313.0,-4601.0,1850.0
0 days 00:01:19.644000,0 days 01:57:45.736000,5366.326442295538,256.8249984,10845.187552,6,100.0,False,0,-1327.0,-4560.0,1850.0
0 days 00:01:19.851000,0 days 01:57:45.943000,5381.491666666666,262.0,10677.0,7,100.0,False,0,-1371.0424721511404,-4413.222415283969,1850.5020400354963
0 days 00:01:19.944000,0 days 01:57:46.036000,5388.401579987106,264.0343736,10727.2780904,7,100.0,False,0,-1388.0,-4351.0,1851.0
0 days 00:01:20.171000,0 days 01:57:46.263000,5405.402777777777,269.0,10850.0,7,100.0,False,0,-1423.8711474984048,-4196.768271311639,1852.7538172558661
0 days 00:01:20.204000,0 days 01:57:46.296000,5407.8686824925335,269.0,10863.6124736,7,100.0,False,0,-1430.0,-4162.0,1853.0
0 days 00:01:20.331000,0 days 01:57:46.423000,5417.358333333333,269.0,10916.0,7,100.0,False,0,-1456.26913457937,-3994.711171236875,1853.830775057242
0 days 00:01:20.364000,0 days 01:57:46.456000,5419.833443882449,269.4124992,10942.812448,7,100.0,False,0,-1462.0,-3956.0,1854.0
0 days 00:01:20.491000,0 days 01:57:46.583000,5429.4027777777765,271.0,11046.0,7,100.0,False,0,-1476.0725278966468,-3853.633677947627,1854.4373969095043
0 days 00:01:20.691000,0 days 01:57:46.783000,5444.624999999999,274.0,11119.0,7,100.0,False,0,-1480.0320664316007,-3788.788050324455,1854.749049451149
0 days 00:01:20.764000,0 days 01:57:46.856000,5450.231727877844,275.140624,11179.453072,7,100.0,False,0,-1482.0,-3751.0,1855.0
0 days 00:01:21.004000,0 days 01:57:47.096000,5468.875698787458,278.890624,11378.203072,7,100.0,False,0,-1492.0,-3566.0,1856.0
0 days 00:01:21.011000,0 days 01:57:47.103000,5469.424999999998,279.0,11384.0,7,100.0,False,0,-1492.247663558945,-3560.3494248637135,1856.0003611501684
0 days 00:01:21.203000,0 days 01:57:47.295000,5484.607134263894,283.1142857142857,11447.771428571428,7,100.0,False,0,-1497.0,-3409.0,1856.0
0 days 00:01:21.283000,0 days 01:57:47.375000,5490.95684710351,284.8285714285714,11474.342857142858,7,100.0,False,0,-1498.0,-3346.0,1857.0
0 days 00:01:21.291000,0 days 01:57:47.383000,5491.591666666665,285.0,11477.0,7,100.0,False,0,-1498.0784908675519,-3339.6882311122727,1857.0867758579407
0 days 00:01:21.563000,0 days 01:57:47.655000,5513.19746777205,285.9714285714286,11651.857142857143,7,100.0,False,0,-1499.0,-3124.0,1858.0
0 days 00:01:21.571000,0 days 01:57:47.663000,5513.83611111111,286.0,11657.0,7,100.0,False,0,-1498.991605299745,-3117.625158702746,1858.0480219199526
0 days 00:01:21.771000,0 days 01:57:47.863000,5529.8916666666655,289.0,11699.0,7,100.0,False,0,-1498.2314838806103,-2957.6887124264967,1859.847341865785
0 days 00:01:21.803000,0 days 01:57:47.895000,5532.479301083838,289.6,11701.2,7,100.0,False,0,-1498.0,-2932.0,1860.0
0 days 00:01:21.931000,0 days 01:57:48.023000,5542.869444444443,292.0,11710.0,7,100.0,False,0,-1496.7365561492609,-2828.7972521823267,1859.9865652369938
0 days 00:01:21.983000,0 days 01:57:48.075000,5547.095531084559,292.2587065500359,11384.029746954746,7,100.0,False,0,-1496.0,-2786.0,1860.0
0 days 00:01:22.132000,0 days 01:57:48.224000,5559.22861111111,293.0,10450.0,7,100.0,False,0,-1493.0406932428577,-2659.284967148417,1860.6908674772817
0 days 00:01:22.303000,0 days 01:57:48.395000,5573.244753531619,294.42500053333333,10528.850029511112,7,100.0,False,0,-1488.0,-2499.0,1862.0
0 days 00:01:22.492000,0 days 01:57:48.584000,5588.82861111111,296.0,10616.0,8,100.0,False,0,-1480.2520758828057,-2292.9413968235685,1863.1366899509903
0 days 00:01:22.683000,0 days 01:57:48.775000,5604.6450204228295,297.43250048,10670.9125184,8,100.0,False,0,-1473.0,-2119.0,1864.0
0 days 00:01:22.892000,0 days 01:57:48.984000,5622.050833333332,299.0,10731.0,8,100.0,False,0,-1468.4423112841284,-2028.5041338672206,1864.7491730920974
0 days 00:01:22.943000,0 days 01:57:49.035000,5626.317499259414,299.6375008,10742.4750144,8,100.0,False,0,-1467.0,-2002.0,1865.0
0 days 00:01:23.132000,0 days 01:57:49.224000,5642.184166666666,302.0,10785.0,8,100.0,False,0,-1459.0657249983735,-1855.0241570745445,1866.305715229547
0 days 00:01:23.243000,0 days 01:57:49.335000,5651.5275819075405,302.6183846474189,10817.774386313202,8,100.0,False,0,-1453.0,-1751.0,1867.0
0 days 00:01:23.491000,0 days 01:57:49.583000,5672.499722222221,304.0,10891.0,8,100.0,False,0,-1437.198354423402,-1510.8524981649532,1867.8303227574377
0 days 00:01:23.544000,0 days 01:57:49.636000,5677.009266572781,304.6624992,10908.004146133333,8,100.0,False,0,-1434.0,-1464.0,1868.0
0 days 00:01:23.731000,0 days 01:57:49.823000,5692.966388888887,307.0,10968.0,8,100.0,False,0,-1423.9158157101763,-1318.1373648719511,1868.731108268524
0 days 00:01:23.804000,0 days 01:57:49.896000,5699.188244814208,307.0,10970.281248,8,100.0,False,0,-1420.0,-1264.0,1869.0
0 days 00:01:23.891000,0 days 01:57:49.983000,5706.610833333332,307.0,10973.0,8,100.0,False,0,-1415.1344186348501,-1199.153643447646,1869.2764747201513
0 days 00:01:24.084000,0 days 01:57:50.176000,5723.174598743871,308.92999936,11063.70996992,8,100.0,False,0,-1403.0,-1043.0,1870.0
0 days 00:01:24.091000,0 days 01:57:50.183000,5723.777499999998,309.0,11067.0,8,100.0,False,0,-1402.5022114126034,-1036.5728430245408,1870.040426367035
0 days 00:01:24.244000,0 days 01:57:50.336000,5736.9877207362815,310.52999936,11088.41999104,8,100.0,False,0,-1391.0,-888.0,1871.0
0 days 00:01:24.291000,0 days 01:57:50.383000,5741.055277777777,311.0,11095.0,8,100.0,False,0,-1387.5909660505206,-844.4393443707619,1871.1601566400793
0 days 00:01:24.336000,0 days 01:57:50.428000,5744.953166667353,311.20454516363634,11102.159080727273,8,100.0,False,0,-1384.4314177641281,-804.3574793413004,1871.2318188548038
